report_date,observed_users,opening_balance_amt,closing_balance_amt,direct_inflow_amt,balance_purchase_inflow_amt,bankcard_purchase_inflow_amt,profit_share_inflow_amt,total_inflow_amt,total_outflow_amt,transfer_outflow_amt,consume_outflow_amt,transfer_to_balance_amt,transfer_to_card_amt,direct_inflow_users,profit_share_users,total_outflow_users,transfer_outflow_users,net_flow_amt,profit_share_per_10000_opening_balance,direct_inflow_share,bankcard_direct_inflow_share,transfer_outflow_share,mfd_daily_yield,mfd_7daily_yield,Interest_O_N,Interest_1_W,Interest_2_W,Interest_1_M,Interest_3_M,Interest_6_M,Interest_9_M,Interest_1_Y,is_shibor_observed,days_since_observation
2013-07-01,441,225364535,252327861,32458786,21250722,11208064,29562,32488348,5525022,5142862,382160,5142862,0,84,272,43,22,26963326,1.311741441482796,0.9990900737704485,0.3453013923564486,0.9308310446546638,1.5787,6.307,4.456,5.423,6.04,6.88,5.295,4.239,4.282,4.4125,True,0
2013-07-02,480,252327861,278810703,29007510,16561183,12446327,29880,29037390,2554548,2204482,350066,2204482,0,79,284,34,13,26482842,1.184173633525154,0.9989709818961001,0.42907257465394305,0.8629636240931859,1.5461,6.174,3.786,4.75,5.074,5.8,5.211,4.2344,4.2808,4.407,True,0
2013-07-03,499,278810703,300127606,27234156,20493660,6740496,36614,27270770,5953867,5499461,454406,5499461,0,82,333,32,11,21316903,1.313220748200617,0.9986573903120447,0.2475015565013287,0.9236788460340145,1.467,6.034,3.4,4.242,4.658,5.2,5.148,4.23,4.2796,4.4022,True,0
2013-07-04,523,300127606,312038062,18282230,12108178,6174052,38955,18321185,6410729,5875338,535391,5875338,0,90,361,48,23,11910456,1.2979479135284875,0.9978737729027899,0.3377078179193676,0.9164851610479869,1.4223,5.903,3.348,3.938,4.464,5.102,5.029,4.2287,4.2776,4.4,True,0
2013-07-05,544,312038062,320923224,11607991,6930431,4677560,40758,11648749,2763587,2065661,697926,2065661,0,74,382,39,14,8885162,1.30618680742864,0.996501083506907,0.40296033999337183,0.747456475949554,1.3845,5.739,3.38,3.816,4.295,4.7885,4.939,4.2273,4.2749,4.4,True,0
2013-07-06,553,320923224,356057861,36709190,31533483,5175707,42082,36751272,1616635,1316102,300533,1316102,0,55,401,30,12,35134637,1.311279360698433,0.9988549511973355,0.14099213303262753,0.8140996576221596,1.3674,5.582,3.38,3.816,4.295,4.7885,4.939,4.2273,4.2749,4.4,False,1
2013-07-07,566,356057861,361037358,8920335,5257768,3662567,41897,8962232,3982735,3645855,336880,3645855,0,58,400,43,18,4979497,1.1766907738627346,0.9953251600717321,0.41058626161461426,0.9154149096035764,1.3671,5.425,3.38,3.816,4.295,4.7885,4.939,4.2273,4.2749,4.4,False,2
2013-07-08,580,361037358,409947895,57218409,47490938,9727471,39857,57258266,8347729,7495199,852530,7495199,0,78,395,54,19,48910537,1.1039577793498034,0.9993039083649512,0.17000596783458274,0.8978728226563176,1.3129,5.279,3.256,3.656,3.686,4.3,4.794,4.2238,4.2741,4.4,True,0
2013-07-09,614,409947895,433273777,26755943,21541164,5214779,42998,26798941,3473059,2707550,765509,2707550,0,86,416,56,26,23325882,1.0488650027096735,0.9983955336145559,0.1949017083793309,0.7795865258839542,1.3096,5.15,3.249,3.596,3.604,4.298,4.723,4.2215,4.272,4.4,True,0
2013-07-10,619,433273777,461373114,30644691,20475437,10169254,51815,30696506,2597169,1993432,603737,1993432,0,84,453,50,21,28099337,1.1958951302977194,0.9983120228732221,0.3318439073182366,0.7675403487412641,1.2792,5.047,3.251,3.59,3.85,4.269,4.704,4.22,4.2707,4.4,True,0
2013-07-11,658,461373114,501939511,44021031,38701392,5319639,54166,44075197,3508800,2527105,981695,2527105,0,92,475,54,22,40566397,1.1740172618727844,0.9987710548406624,0.12084312609579725,0.720219163246694,1.2616,4.959,3.3547,3.81,3.906,4.351,4.6955,4.2199,4.2705,4.4,True,0
2013-07-12,677,501939511,527630842,34126845,28358933,5767912,57059,34183904,8492573,7121501,1371072,7121501,0,73,491,64,27,25691331,1.1367704424448069,0.9983308226000167,0.16901392437537077,0.8385563479995992,1.2487,4.884,3.3,3.8,3.928,4.128,4.691,4.2189,4.2704,4.4,True,0
2013-07-13,694,527630842,539312730,15103661,8461168,6642493,61056,15164717,3482829,3173175,309654,3173175,0,56,513,46,21,11681888,1.157172688551819,0.9959738121060882,0.4397935705786829,0.9110912422056897,1.2396,4.815,3.3,3.8,3.928,4.128,4.691,4.2189,4.2704,4.4,False,1
2013-07-14,697,539312730,559143926,22554354,18447507,4106847,60949,22615303,2784107,2192069,592038,2192069,0,56,509,47,20,19831196,1.1301235185010374,0.9973049664645218,0.18208666051796474,0.787350845351849,1.2394,4.745,3.3,3.8,3.928,4.128,4.691,4.2189,4.2704,4.4,False,2
2013-07-15,714,559143926,594164538,48069686,28401224,19668462,58869,48128555,13107943,11586149,1521794,11586149,0,87,504,74,24,35020612,1.052841625610362,0.9987768384070538,0.40916560178903605,0.8839029129131856,1.1985,4.682,3.2998,3.809,3.94,4.2705,4.6785,4.2185,4.2701,4.4,True,0
2013-07-16,739,594164538,632922404,50559618,39657799,10901819,63229,50622847,11864981,10335294,1529687,10335294,0,82,518,59,23,38757866,1.0641665053393006,0.9987509789799061,0.21562304920895564,0.8710754783340993,1.2214,4.634,3.013,3.706,4.0,4.424,4.6703,4.2176,4.27,4.4,True,0
2013-07-17,765,632922404,651026573,28946382,25167271,3779111,69300,29015682,10911513,8802015,2109498,8802015,0,91,550,62,21,18104169,1.0949209502149335,0.9976116363558162,0.13055555613133274,0.8066722735884565,1.1829,4.582,2.968,3.596,3.992,4.53,4.662,4.2166,4.27,4.4,True,0
2013-07-18,772,651026573,663495722,24160561,12633212,11527349,73944,24234505,11765356,8569946,3195410,8569946,0,83,568,65,22,12469149,1.1358061723849173,0.9969488132726457,0.4771142938278627,0.7284051583309507,1.1896,4.543,2.998,3.634,3.996,4.61,4.6578,4.2173,4.27,4.4,True,0
2013-07-19,788,663495722,687931077,33603190,25296006,8307184,76934,33680124,9244769,8040517,1204252,8040517,0,86,590,81,28,24435355,1.1595251853033048,0.9977157447520086,0.24721414841864717,0.8697369290676706,1.2032,4.518,3.04,3.745,4.057,4.669,4.6525,4.2173,4.27,4.4,True,0
2013-07-20,810,687931077,703769013,20360981,14965131,5395850,78098,20439079,4601143,2820281,1780862,2820281,0,68,601,62,20,15837936,1.1352590777055418,0.9961789863427799,0.26500933329292925,0.6129522599058538,1.1964,4.494,3.04,3.745,4.057,4.669,4.6525,4.2173,4.27,4.4,False,1
2013-07-21,817,703769013,722230076,21064648,14155152,6909496,77746,21142394,2681331,1920032,761299,1920032,0,68,600,63,27,18461063,1.1047090531677046,0.9963227437725359,0.32801383626253805,0.7160742183639394,1.1962,4.471,3.04,3.745,4.057,4.669,4.6525,4.2173,4.27,4.4,False,2
2013-07-22,840,722230076,743534705,40374049,33166661,7207388,74847,40448896,19144267,18539036,605231,18539036,0,94,596,73,36,21304629,1.0363318073726966,0.9981495910296291,0.17851536267764473,0.9683857835873267,1.1547,4.447,3.1035,3.925,4.099,4.806,4.6515,4.2173,4.27,4.4,True,0
2013-07-23,869,743534705,777266801,58056583,48105087,9951496,79564,58136147,24404051,22230820,2173231,22230820,0,90,613,72,29,33732096,1.0700778250828251,0.9986314194506216,0.17141029467752175,0.9109479405693751,1.1826,4.426,3.1355,3.959,4.11,4.99,4.6517,4.2173,4.27,4.4,True,0
2013-07-24,885,777266801,789430727,48337561,38512434,9825127,84957,48422518,36258592,35546545,712047,35546545,0,92,655,88,40,12163926,1.0930223687760465,0.998245506357187,0.20326071065108148,0.9803619787552699,1.1805,4.424,3.23,4.011,4.131,5.293,4.661,4.2189,4.27,4.4,True,0
2013-07-25,906,789430727,808651309,57347209,42064761,15282448,86209,57433418,38212836,36655225,1557611,36655225,0,98,670,98,47,19220582,1.0920400872615135,0.998498974934767,0.26648983039436147,0.9592385396362625,1.1645,4.411,3.3495,4.132,4.258,5.468,4.6601,4.2185,4.27,4.4,True,0
2013-07-26,925,808651309,814180757,44633279,33299638,11333641,88538,44721817,39192369,38156919,1035450,38156919,0,82,680,80,36,5529448,1.0948847669521302,0.9980202503847283,0.25392803876228764,0.9735803161069442,1.1777,4.397,3.55,4.351,4.62,5.722,4.667,4.2189,4.27,4.4,True,0
2013-07-27,918,814180757,816316315,17102400,10482577,6619823,92051,17194451,15058893,13136779,1922114,13136779,0,45,694,76,31,2135558,1.130596605343253,0.994646470538664,0.3870698264571054,0.8723602060257682,1.1728,4.384,3.55,4.351,4.62,5.722,4.667,4.2189,4.27,4.4,False,1
2013-07-28,936,816316315,844888486,36164421,32964064,3200357,90961,36255382,7683211,6521339,1161872,6521339,0,65,688,72,29,28572171,1.1142861943167215,0.9974911035277466,0.0884946284637047,0.8487778091737946,1.1726,4.371,3.55,4.351,4.62,5.722,4.667,4.2189,4.27,4.4,False,2
2013-07-29,952,844888486,879801198,53423360,41820041,11603319,88716,53512076,18599364,17397032,1202332,17397032,0,99,685,80,32,34912712,1.0500320630479039,0.9983421312228664,0.21719560506864413,0.9353562842256327,1.1515,4.369,3.703,5.057,5.5,5.988,4.671,4.2201,4.27,4.4,True,0
2013-07-30,970,879801198,914233859,47387817,33779762,13608055,93426,47481243,13048582,11729935,1318647,11729935,0,94,695,79,31,34432661,1.0618989859570527,0.9980323598520788,0.2871635762415475,0.8989432721501845,1.1958,4.377,3.641,4.972,5.34,5.889,4.667,4.2203,4.27,4.4,True,0
2013-07-31,977,914233859,959269456,54465204,46575247,7889957,104433,54569637,9534040,8342598,1191442,8342598,0,100,733,92,38,45035597,1.1423007250489505,0.9980862434543957,0.1448623418357159,0.8750328297342994,1.2088,4.392,3.699,4.971,5.453,5.34,4.6645,4.2199,4.27,4.4,True,0
2013-08-01,990,959269456,993774950,53261431,29717147,23544284,108531,53369962,18864468,16928891,1935577,16928891,0,105,737,86,34,34505494,1.1313922206233573,0.9979664403733322,0.4420512847279676,0.8973956222884207,1.2026,4.413,3.549,4.545,5.36,4.846,4.6635,4.2193,4.27,4.4,True,0
2013-08-02,1011,993774950,991688717,37949861,25198904,12750957,114675,38064536,40150769,39009834,1140935,39009834,0,96,750,103,47,-2086233,1.1539332924421168,0.996987353267619,0.335994827490936,0.9715837323065967,1.222,4.437,3.2539,4.314,4.55,4.642,4.6595,4.2198,4.27,4.4,True,0
2013-08-03,1011,991688717,992582709,21479421,10093238,11386183,116368,21595789,20701797,18976400,1725397,18976400,0,73,757,78,26,893992,1.1734327315130682,0.9946115420927664,0.5300972963842927,0.9166547232590485,1.2154,4.46,3.2539,4.314,4.55,4.642,4.6595,4.2198,4.27,4.4,False,1
2013-08-04,1027,992582709,1030063998,45630463,41159712,4470751,114791,45745254,8263965,6874923,1389042,6874923,0,79,746,77,24,37481289,1.1564880080940438,0.9974906467892822,0.09797733150329857,0.8319157934478183,1.2152,4.483,3.2539,4.314,4.55,4.642,4.6595,4.2198,4.27,4.4,False,2
2013-08-05,1045,1030063998,1057898694,43520180,18112798,25407382,112023,43632203,15797507,14039700,1757807,14039700,0,103,742,98,42,27834696,1.0875343689082122,0.9974325614500831,0.5838069144015489,0.888728835505501,1.1875,4.503,3.1,4.356,4.31,4.575,4.655,4.2198,4.27,4.4,True,0
2013-08-06,1061,1057898694,1092363491,50749514,38122413,12627101,116670,50866184,16401387,13445379,2956008,13445379,0,106,758,102,46,34464797,1.1028466209638783,0.997706334723281,0.24881225463558135,0.8197708523065763,1.204,4.507,3.1,4.066,4.549,4.6005,4.6538,4.2193,4.27,4.4,True,0
2013-08-07,1084,1092363491,1106562866,43781998,29774898,14007100,126083,43908081,29708706,28155731,1552975,28155731,0,107,801,102,34,14199375,1.1542220244341725,0.9971284784684623,0.31992829564333725,0.9477266024309507,1.2118,4.509,3.1005,3.873,4.361,4.58,4.6515,4.2197,4.27,4.4,True,0
2013-08-08,1095,1106562866,1121504665,44364177,32476695,11887482,129313,44493490,29551691,28414824,1136867,28414824,0,93,808,96,45,14941799,1.1686005736613974,0.9970936647136469,0.2679522714914784,0.9615295449590346,1.2155,4.516,3.1641,3.7585,4.42,4.595,4.6504,4.2198,4.27,4.4,True,0
2013-08-09,1102,1121504665,1124798836,33294291,26619531,6674760,130895,33425186,30131015,26630182,3500833,26630182,0,87,815,102,34,3294171,1.167137365407214,0.9960839410138211,0.20047761341426373,0.8838129747703488,1.2174,4.513,2.914,3.64,4.3,4.535,4.6501,4.2198,4.27,4.4,True,0
2013-08-10,1104,1124798836,1118799735,20482505,15003071,5479434,132802,20615307,26614408,25323965,1290443,25323965,0,72,819,65,29,-5999101,1.180673341308472,0.9935580876869794,0.2675177669918792,0.9515133682477551,1.2128,4.512,2.914,3.64,4.3,4.535,4.6501,4.2198,4.27,4.4,False,1
2013-08-11,1117,1118799735,1158946598,55388879,49401320,5987559,130664,55519543,15372680,14447072,925608,14447072,0,87,816,83,30,40146863,1.1678944489560503,0.9976465224146388,0.10810038238903517,0.9397887681263124,1.2126,4.511,2.914,3.64,4.3,4.535,4.6501,4.2198,4.27,4.4,False,2
2013-08-12,1135,1158946598,1224880431,94394024,77433832,16960192,126478,94520502,28586669,26523677,2062992,26523677,0,105,813,84,34,65933833,1.091318618288916,0.9986618987698563,0.17967442515216853,0.9278337745471499,1.1886,4.511,2.9645,3.648,4.168,4.5,4.65,4.22,4.27,4.4,True,0
2013-08-13,1158,1224880431,1244810922,48590757,28460439,20130318,130162,48720919,28790328,25144251,3646077,25144251,0,102,826,95,31,19930591,1.0626506612872813,0.9973284165678402,0.41428286453738516,0.8733575734184064,1.2143,4.517,3.2253,3.702,4.16,4.524,4.65,4.2198,4.27,4.4,True,0
2013-08-14,1167,1244810922,1260320406,30394880,22991641,7403239,146287,30541167,15031683,12970840,2060843,12970840,0,115,864,107,42,15509484,1.1751744575390222,0.9952101699322753,0.24356862076770824,0.8629000491827828,1.2201,4.521,3.435,3.855,4.16,4.505,4.65,4.2198,4.27,4.4,True,0
2013-08-15,1174,1260320406,1250082301,42271280,30267955,12003325,149942,42421222,52659327,46247162,6412165,46247162,0,100,875,102,42,-10238105,1.1897133402440523,0.9964654012088572,0.28395934544683765,0.8782330621126244,1.2184,4.523,3.283,3.994,4.119,4.517,4.6502,4.2198,4.27,4.4,True,0
2013-08-16,1180,1250082301,1258025993,41535972,29961502,11574470,147564,41683536,33739844,32151103,1588741,32151103,0,98,881,105,45,7943692,1.180434279262706,0.9964598972601557,0.27866134925167996,0.9529120229482981,1.219,4.524,3.209,3.772,3.823,4.56,4.6503,4.2198,4.27,4.4,True,0
2013-08-17,1183,1258025993,1271021529,17522875,10792404,6730471,147644,17670519,4674983,3119222,1555761,3119222,0,74,892,78,35,12995536,1.1736164500696449,0.9916446143998374,0.38409627415592473,0.667215688270952,1.215,4.525,3.209,3.772,3.823,4.56,4.6503,4.2198,4.27,4.4,False,1
2013-08-18,1203,1271021529,1315506321,59555804,48363051,11192753,147288,59703092,15218300,14169170,1049130,13607144,562026,79,890,89,36,44484792,1.1588159337936752,0.9975329920936088,0.1879372327842304,0.9310612880545133,1.2148,4.526,3.209,3.772,3.823,4.56,4.6503,4.2198,4.27,4.4,False,2
2013-08-19,1202,1315506321,1396351270,109039743,93558910,15480833,144466,109184209,28339260,25512259,2827001,24585884,926375,107,885,100,45,80844949,1.0981779235403613,0.9986768599477603,0.1419742249392499,0.9002443606502075,1.1987,4.532,3.403,4.092,5.156,4.925,4.6573,4.2198,4.27,4.4,True,0
2013-08-20,1226,1396351270,1419895554,53525266,32336915,21188351,150243,53675509,30131225,27800069,2331156,22614527,5185542,112,896,106,42,23544284,1.0759685132810457,0.9972009021842718,0.3958569958344532,0.9226332152111306,1.2288,4.54,3.854,4.428,5.467,5.218,4.6636,4.2198,4.2701,4.4,True,0
2013-08-21,1224,1419895554,1428096658,38016570,22840717,15175853,167876,38184446,29983342,28495876,1487466,28056688,439188,79,933,94,46,8201104,1.1823123153465414,0.9956035501994712,0.3991904845702808,0.9503902533613497,1.2307,4.545,3.517,4.219,5.4,5.04,4.658,4.2198,4.27,4.4,True,0
2013-08-22,1251,1428096658,1492226723,88961196,75601493,13359703,169541,89130737,25000672,22989335,2011337,4751853,18237482,101,939,105,44,64130065,1.1871815472030884,0.998097839132644,0.15017449855327933,0.9195486825314135,1.2187,4.546,3.357,4.115,5.046,4.968,4.662,4.2198,4.27,4.4,True,0
2013-08-23,1266,1492226723,1504424975,37707135,21923609,15783526,171440,37878575,25680323,22751910,2928413,16963681,5788229,95,941,121,50,12198252,1.1488870783344094,0.9954739585636472,0.41858194742188715,0.8859666601545472,1.2236,4.548,3.265,4.149,5.171,5.016,4.662,4.2198,4.27,4.4,True,0
2013-08-24,1261,1504424975,1534475645,44188538,32022342,12166196,178730,44367268,14316598,11164601,3151997,5951141,5213460,74,955,96,35,30050670,1.1880286685615544,0.9959715797691217,0.2753247007176386,0.7798361733702378,1.2204,4.551,3.265,4.149,5.171,5.016,4.662,4.2198,4.27,4.4,False,1
2013-08-25,1276,1534475645,1559664125,43128521,28531519,14597002,177767,43306288,18117808,16171529,1946279,8774008,7397521,76,949,84,39,25188480,1.1584869435969445,0.995895122666713,0.3384535722892051,0.892576463996086,1.2202,4.554,3.265,4.149,5.171,5.016,4.662,4.2198,4.27,4.4,False,2
2013-08-26,1294,1559664125,1613522680,74325753,50885562,23440191,170788,74496541,20637986,16719816,3918170,7070763,9649053,119,944,125,53,53858555,1.0950306368045748,0.9977074371815464,0.3153710531530034,0.8101476568498496,1.185,4.546,3.037,4.023,5.196,5.007,4.6619,4.2198,4.2701,4.4,True,0
2013-08-27,1310,1613522680,1598653075,45089370,33855884,11233486,178658,45268028,60137633,58424047,1713586,5683840,52740207,102,957,113,47,-14869605,1.1072543461242206,0.9960533292945741,0.24913823369011365,0.9715055961713691,1.2131,4.538,3.006,4.209,5.382,4.974,4.6609,4.2198,4.2701,4.4,True,0
2013-08-28,1321,1598653075,1611558533,46414328,26923896,19490432,187991,46602319,33696861,30503011,3193850,27302135,3200876,98,984,123,44,12905458,1.1759336840483667,0.9959660591139252,0.4199227445456067,0.9052181744762516,1.213,4.528,3.098,4.259,5.015,4.929,4.6586,4.2198,4.2701,4.4,True,0
2013-08-29,1338,1611558533,1623132231,47312464,36868023,10444441,206202,47518666,35944968,26326089,9618879,6450910,19875179,108,1003,111,40,11573698,1.2795191473197332,0.9956606105061956,0.22075453521084845,0.7323998452300751,1.3194,4.583,2.957,4.318,4.4,4.903,4.658,4.2198,4.2701,4.4,True,0
2013-08-30,1347,1623132231,1658990323,56266206,37466526,18799680,222638,56488844,20630752,12943644,7687108,6673809,6269835,103,1018,116,42,35858092,1.3716565770050315,0.9960587262150381,0.3341202710557737,0.6273956470418529,1.4113,4.686,3.034,3.7355,4.311,4.805,4.6572,4.2198,4.2701,4.4,True,0
2013-08-31,1366,1658990323,1684633610,47459849,25669538,21790311,195454,47655303,22012016,18429852,3582164,16052130,2377722,77,1025,101,32,25643287,1.1781503321041373,0.9958985886628399,0.4591314860694142,0.8372632474917336,1.2201,4.685,3.034,3.7355,4.311,4.805,4.6572,4.2198,4.2701,4.4,False,1
2013-09-01,1381,1684633610,1681533463,56045782,36564187,19481595,194020,56239802,59339949,50355011,8984938,4349781,46005230,105,1023,127,47,-3100147,1.151704435007681,0.9965501301018094,0.34760144840159424,0.8485853434083672,1.2199,4.685,3.034,3.7355,4.311,4.805,4.6572,4.2198,4.2701,4.4,False,2
2013-09-02,1410,1681533463,1804592678,140622201,103991419,36630782,222538,140844739,17785524,12881860,4903664,6708784,6173076,135,1028,131,47,123059215,1.3234229641970556,0.9984199764820466,0.26049074569669123,0.7242890341605904,1.4475,4.829,3.0188,3.742,4.15,4.6,4.6561,4.2198,4.2701,4.4,True,0
2013-09-03,1412,1804592678,1845772414,80314060,51070577,29243483,193820,80507880,39328144,35501642,3826502,13629313,21872329,133,1032,108,42,41179736,1.0740373845183029,0.9975925337991759,0.36411411650712217,0.9027032142681333,1.2339,4.84,3.0006,3.75,3.763,4.523,4.6558,4.2198,4.2701,4.4,True,0
2013-09-04,1419,1845772414,1851686522,33149101,22039123,11109978,217607,33366708,27452600,22329399,5123201,4079727,18249672,117,1073,131,43,5914108,1.1789481647329463,0.9934783197671164,0.33515171346577394,0.8133801170016683,1.2349,4.852,3.005,3.498,3.747,4.581,4.6566,4.2198,4.2701,4.4,True,0
2013-09-05,1429,1851686522,1868602123,38491932,18051917,20440015,224573,38716505,21800904,17774814,4026090,5870621,11904193,115,1077,122,46,16915601,1.2128024767250534,0.9941995539111808,0.5310207604024656,0.8153246305749523,1.2374,4.807,2.89,3.456,3.705,4.574,4.6566,4.22,4.2703,4.4,True,0
2013-09-06,1440,1868602123,1874107406,38648043,17570388,21077655,275143,38923186,33417903,30457817,2960086,16081369,14376448,104,1097,104,40,5505283,1.4724536412185163,0.9929311285052564,0.5453744449621938,0.9114221499775136,1.5058,4.859,2.95,3.469,3.716,4.484,4.6573,4.2198,4.27,4.4,True,0
2013-09-07,1445,1874107406,1887839165,33848786,19377542,14471244,227397,34076183,20344424,15670305,4674119,8126616,7543689,89,1098,107,32,13731759,1.2133616209614402,0.993326805411275,0.42752623388029337,0.7702506101917656,1.2415,4.87,2.95,3.469,3.716,4.484,4.6573,4.2198,4.27,4.4,False,1
2013-09-08,1456,1887839165,1911716952,38571047,23022708,15548339,225862,38796909,14919122,11460371,3458751,6590099,4870272,104,1090,105,42,23877787,1.1964048854765654,0.9941783506515944,0.40310907297901455,0.7681665851381871,1.2381,4.88,2.95,3.469,3.716,4.484,4.6573,4.2198,4.27,4.4,False,2
2013-09-09,1478,1911716952,1915408239,49051334,28145783,20905551,261139,49312473,45621186,39980383,5640803,22470137,17510246,121,1092,160,54,3691287,1.3659919672041492,0.9947044026771887,0.42619739964666403,0.8763556256516435,1.44,4.876,2.92,3.554,3.714,4.598,4.6564,4.2198,4.27,4.4,True,0
2013-09-10,1484,1915408239,1972964019,94427415,59214774,35212641,256728,94684143,37128363,32390424,4737939,14101974,18288450,151,1090,137,50,57555780,1.3403304568327066,0.9972885850590631,0.37290696774872,0.872390307108342,1.4214,4.979,2.8955,3.625,3.746,4.862,4.6549,4.2198,4.27,4.4,True,0
2013-09-11,1505,1972964019,2000234396,98709145,71068310,27640835,235314,98944459,71674082,66786595,4887487,8915582,57871013,151,1112,143,54,27270377,1.1926928100760261,0.9976217566665355,0.2800230414314702,0.9318095626254411,1.2527,4.989,3.014,3.482,3.767,5.138,4.6559,4.2198,4.27,4.4,True,0
2013-09-12,1513,2000234396,2023660860,68334304,43875535,24458769,239380,68573684,45147220,39012488,6134732,6425604,32586884,119,1132,144,65,23426464,1.1967597421517393,0.9965091564863279,0.3579281205527461,0.8641171704481472,1.2598,5.001,2.967,3.494,3.8,5.374,4.6563,4.2198,4.27,4.4,True,0
2013-09-13,1514,2023660860,2034804131,71385620,41601351,29784269,270326,71655946,60512675,53999244,6513431,23753632,30245612,112,1152,140,57,11143271,1.335826596952614,0.9962274449631856,0.4172306551375473,0.8923625339649917,1.3805,4.932,2.979,3.57,3.852,5.4834,4.6571,4.22,4.27,4.4,True,0
2013-09-14,1516,2034804131,2029466914,30726657,14850336,15876321,248786,30975443,36312660,33862795,2449865,9025416,24837379,79,1146,107,48,-5337217,1.2226533070666348,0.9919682827457867,0.516695356738613,0.9325341354778196,1.2613,4.943,2.979,3.57,3.852,5.4834,4.6571,4.22,4.27,4.4,False,1
2013-09-15,1534,2029466914,2041505882,36813279,22142657,14670622,246404,37059683,25020715,22027123,2993592,15270867,6756256,103,1140,129,45,12038968,1.2141316436361473,0.9933511573749835,0.39851440563064217,0.8803554574679421,1.2611,4.956,2.979,3.57,3.852,5.4834,4.6571,4.22,4.27,4.4,False,2
2013-09-16,1559,2041505882,2157977503,161382323,134330619,27051704,273887,161656210,45184589,40599101,4585488,10354185,30244916,133,1135,128,47,116471621,1.3415929996326115,0.9983057440230722,0.1676249510920722,0.898516549525326,1.4143,4.942,3.008,3.469,3.592,5.67,4.6569,4.22,4.27,4.4,True,0
2013-09-17,1569,2157977503,2175921520,75960756,50504307,25456449,244059,76204815,58260798,55185698,3075100,18859824,36325874,117,1133,129,50,17944017,1.1309617438583648,0.9967973283577947,0.3351263249670659,0.94721836800107,1.2495,4.848,3.493,3.583,3.64,5.836,4.6579,4.22,4.27,4.4,True,0
2013-09-18,1569,2175921520,2171644907,42645589,27232465,15413124,281019,42926608,47203221,44415081,2788140,23818473,20596608,125,1176,143,58,-4276613,1.2914941895514687,0.9934535009148638,0.36142363985170894,0.9409332680920228,1.3366,4.894,3.557,3.749,3.9325,5.913,4.6584,4.22,4.27,4.4,True,0
2013-09-19,1567,2171644907,2185004443,24509091,12890601,11618490,268957,24778048,11418512,9220631,2197881,6772365,2448266,66,1176,108,41,13359536,1.238494374163354,0.9891453515628027,0.47404818073424265,0.8075159880727016,1.2594,4.893,3.557,3.749,3.9325,5.913,4.6584,4.22,4.27,4.4,False,1
2013-09-20,1584,2185004443,2198181951,28094290,18054480,10039810,271472,28365762,15188254,12725336,2462918,3457926,9267410,71,1186,102,40,13177508,1.2424322562350048,0.9904295890235559,0.35736122891875893,0.8378406102505265,1.2592,4.827,3.557,3.749,3.9325,5.913,4.6584,4.22,4.27,4.4,False,2
2013-09-21,1587,2198181951,2203992112,32133842,18601415,13532427,272498,32406340,26596179,23940338,2655841,17880107,6060231,96,1186,123,49,5810161,1.2396517034271655,0.9915912133243063,0.4211269539446917,0.9001420091209342,1.2569,4.825,3.557,3.749,3.9325,5.913,4.6584,4.22,4.27,4.4,False,3
2013-09-22,1592,2203992112,2223544226,67243692,36029859,31213833,270477,67514169,47962055,43166303,4795752,22340098,20826205,123,1176,163,60,19552114,1.2272140110091283,0.9959937742846247,0.4641897562673983,0.9000094553913505,1.2567,4.822,3.573,3.991,4.007,5.948,4.6617,4.22,4.27,4.4,True,0
2013-09-23,1616,2223544226,2219916507,54396879,22328835,32068044,261281,54658160,58285879,44621053,13664826,30024517,14596536,130,1165,154,51,-3627719,1.1750654515652526,0.9952197256548702,0.5895199244794909,0.7655551184189914,1.2346,4.724,3.815,4.232,4.35,6.004,4.6717,4.22,4.27,4.4,True,0
2013-09-24,1637,2219916507,2237486574,73973408,48700610,25272798,277451,74250859,56680792,49804461,6876331,22552195,27252266,108,1171,150,61,17570067,1.2498262845702601,0.9962633294249161,0.34164706863309585,0.8786832230572925,1.3281,4.767,3.6144,4.44,4.8033,6.1089,4.6731,4.22,4.27,4.4,True,0
2013-09-25,1639,2237486574,2209922580,46973702,20104663,26869039,300466,47274168,74838162,70959210,3878952,41253857,29705353,107,1201,159,73,-27563994,1.3428728623066144,0.9936441821673097,0.5720017340766542,0.9481687965559603,1.3895,4.796,3.347,3.916,5.1825,5.856,4.6715,4.22,4.27,4.4,True,0
2013-09-26,1646,2209922580,2230173744,68406175,50986446,17419729,312518,68718693,48467529,40129277,8338252,21599517,18529760,114,1211,167,51,20251164,1.4141581376122234,0.9954522126897845,0.25465141122128226,0.8279620980883924,1.4449,4.897,3.112,4.055,5.571,5.435,4.6732,4.22,4.27,4.4,True,0
2013-09-27,1660,2230173744,2244700262,41868120,27267839,14600281,298001,42166121,27639603,23841664,3797939,11564733,12276931,93,1206,138,53,14526518,1.3362232462907158,0.992932691152691,0.3487207211596795,0.862590681928391,1.3799,4.963,3.1477,3.646,5.6528,5.33,4.6722,4.22,4.27,4.4,True,0
2013-09-28,1668,2244700262,2226590340,39706452,14563705,25142747,289346,39995798,58105720,51344329,6761391,16876243,34468086,96,1222,148,47,-18109922,1.2890184266392715,0.9927655900252321,0.6332156547253328,0.883636395866018,1.3138,4.994,3.1477,3.646,5.6528,5.33,4.6722,4.22,4.27,4.4,False,1
2013-09-29,1680,2226590340,2220728986,34151131,14055266,20095865,282717,34433848,40295202,33916391,6378811,22588058,11328333,89,1214,148,58,-5861354,1.2697306501383636,0.9917895612479907,0.5884392232866315,0.8416980016628283,1.3136,5.026,3.15,3.749,5.778,5.3,4.6732,4.22,4.27,4.4,True,0
2013-09-30,1685,2220728986,2218945683,28118755,8182452,19936303,279295,28398050,30181353,20339062,9842291,14254160,6084902,85,1204,141,47,-1783303,1.257672601027598,0.9901649937231606,0.7090037592347171,0.6738949708450778,1.3162,5.07,3.126,4.203,4.774,5.3,4.6704,4.22,4.27,4.4,True,0
2013-10-01,1696,2218945683,2225269915,18857154,6502928,12354226,280345,19137499,12813267,10808704,2004563,7433180,3375524,55,1202,115,27,6324232,1.2634153334523062,0.9853510116447295,0.6551479613519622,0.8435556677309541,1.3181,5.065,3.126,4.203,4.774,5.3,4.6704,4.22,4.27,4.4,False,1
2013-10-02,1698,2225269915,2229598749,11272068,4072819,7199249,290640,11562708,7233874,4847705,2386169,2880222,1967483,44,1233,107,32,4328834,1.3060887492383142,0.9748640197434718,0.6386804089542398,0.6701395407218871,1.3179,5.026,3.126,4.203,4.774,5.3,4.6704,4.22,4.27,4.4,False,2
2013-10-03,1704,2229598749,2233476680,9809448,4241086,5568362,291746,10101194,6223263,4720978,1502285,1589382,3131596,46,1243,98,24,3877931,1.308513471900948,0.9711176718316666,0.56765294030816,0.7586017174591528,1.3177,4.956,3.126,4.203,4.774,5.3,4.6704,4.22,4.27,4.4,False,3
2013-10-04,1715,2233476680,2229972019,19615445,8598422,11017023,292244,19907689,23412350,19131686,4280664,11492105,7639581,54,1250,99,25,-3504661,1.3084712395564388,0.9853200439287554,0.561650423938891,0.8171621387857263,1.3175,4.922,3.126,4.203,4.774,5.3,4.6704,4.22,4.27,4.4,False,4
2013-10-05,1718,2229972019,2242370252,26074038,16185006,9889032,290648,26364686,13966453,12452446,1514007,10249721,2202725,55,1254,97,35,12398233,1.3033706141763026,0.9889758596025001,0.3792673769977631,0.8915968857661999,1.3173,4.924,3.126,4.203,4.774,5.3,4.6704,4.22,4.27,4.4,False,5
2013-10-06,1744,2242370252,2267636377,38442637,26616850,11825787,288016,38730653,13464528,10532958,2931570,8922594,1610364,63,1250,111,32,25266125,1.284426600571938,0.9925636162137519,0.3076216389630087,0.7822745810324728,1.3111,4.922,3.126,4.203,4.774,5.3,4.6704,4.22,4.27,4.4,False,6
2013-10-07,1744,2267636377,2281539710,42511148,29976033,12535115,286585,42797733,28894400,22273724,6620676,7474553,14799171,86,1240,124,36,13903333,1.2638049155797257,0.9933037341019909,0.29486653712574407,0.7708664654742787,1.3109,4.919,3.126,4.203,4.774,5.3,4.6704,4.22,4.27,4.4,False,7
2013-10-08,1765,2281539710,2313490526,109484867,70814343,38670524,322045,109806912,77856096,70733188,7122908,11651151,59082037,146,1255,167,56,31950816,1.411524851346988,0.9970671700521002,0.3532042834741718,0.9085118781193446,1.4756,5.006,3.052,4.393,4.78,5.178,4.6685,4.22,4.27,4.4,True,0
2013-10-09,1780,2313490526,2351913449,72136946,38830790,33306156,285353,72422299,33999376,25116375,8883001,10678490,14437885,119,1283,161,65,38422923,1.2334305967242158,0.9960598737689893,0.46170731985243735,0.7387304696415605,1.2935,4.992,3.232,4.502,4.816,5.213,4.6682,4.22,4.27,4.4,True,0
2013-10-10,1795,2351913449,2371763531,71796476,36544934,35251542,298137,72094613,52244531,45183161,7061370,11880117,33303044,151,1290,164,63,19850082,1.2676359333153335,0.9958646424802918,0.4909926498342342,0.8648400155032495,1.3088,4.987,3.328,4.48,4.939,5.1,4.6681,4.22,4.27,4.4,True,0
2013-10-11,1823,2371763531,2426771815,82372594,43296363,39076231,302163,82674757,27666473,24101973,3564500,12783375,11318598,159,1300,143,55,55008284,1.2740013751396198,0.9963451601073349,0.4743838830667394,0.8711617487346508,1.3122,4.985,3.1,4.26,4.847,5.0,4.6679,4.22,4.27,4.4,True,0
2013-10-12,1846,2426771815,2477349968,81593823,42609762,38984061,307313,81901136,31322983,24379656,6943327,6524375,17855281,118,1323,155,55,50578153,1.2663448540999311,0.9962477565634743,0.4777820129839976,0.7783312336503838,1.3082,4.98,3.027,4.246,4.798,4.805,4.6673,4.22,4.27,4.4,True,0
2013-10-13,1880,2477349968,2516649474,70845311,32822745,38022566,304670,71149981,31850475,27576898,4273577,10611383,16965515,130,1308,132,44,39299506,1.2298222049182839,0.9957179187440682,0.5366984132513725,0.865823759300293,1.308,4.978,3.027,4.246,4.798,4.805,4.6673,4.22,4.27,4.4,False,1
2013-10-14,1910,2516649474,2606312149,130020702,75489865,54530837,294598,130315300,40652625,32869451,7783174,14896890,17972561,177,1302,190,69,89662675,1.1705960764244279,0.9977393444975379,0.4194011888968266,0.8085443682911005,1.2777,4.96,3.113,3.855,4.65,4.85,4.6661,4.22,4.27,4.4,True,0
2013-10-15,1966,2606312149,2656917255,85388933,41656981,43731952,315371,85704304,35099198,28088248,7010950,10639886,17448362,205,1317,177,74,50605106,1.2100277402344257,0.9963202431467153,0.5121501166901804,0.8002532707442489,1.3456,4.889,3.117,3.845,3.883,4.713,4.6655,4.22,4.27,4.4,True,0
2013-10-16,2002,2656917255,2706603364,100610077,49684423,50925654,338014,100948091,51261982,43153577,8108405,8534326,34619251,198,1383,161,55,49686109,1.272203714149916,0.9966516058238288,0.5061685222644249,0.8418242002425891,1.313,4.899,3.055,3.314,3.357,4.857,4.6654,4.22,4.27,4.4,True,0
2013-10-17,2105,2706603364,2770531817,86867001,35808629,51058372,336216,87203217,23274764,17679767,5594997,4512267,13167500,197,1418,166,56,63928453,1.2422063922329478,0.9961444541661806,0.58777638703102,0.7596110104489137,1.2908,4.889,3.038,3.35,3.391,4.73,4.6681,4.22,4.27,4.4,True,0
2013-10-18,2129,2770531817,2852744912,97805294,49716816,48088478,346156,98151450,15938355,11740372,4197983,9265936,2474436,183,1455,165,45,82213095,1.2494207714056367,0.9964732461924913,0.4916756142055051,0.7366112751284558,1.2917,4.878,3.001,3.485,3.573,4.613,4.6695,4.22,4.27,4.4,True,0
2013-10-19,2170,2852744912,2879208658,52794624,17807708,34986916,353819,53148443,26684697,18744974,7939723,7947251,10797723,137,1504,154,57,26463746,1.2402756324677655,0.9933428153295102,0.6626984596007351,0.7024615643940045,1.2859,4.866,3.001,3.485,3.573,4.613,4.6695,4.22,4.27,4.4,False,1
2013-10-20,2231,2879208658,2876090997,47414924,23808286,23606638,351757,47766681,50884342,46214486,4669856,3590393,42624093,169,1491,161,50,-3117661,1.2217141644897067,0.9926359338217365,0.4978735809003933,0.9082260708018982,1.2857,4.854,3.001,3.485,3.573,4.613,4.6695,4.22,4.27,4.4,False,2
2013-10-21,2270,2876090997,2936339884,105669458,38771841,66897617,360832,106030290,45781403,30004465,15776938,12306385,17698080,222,1483,176,57,60248887,1.2545917371055977,0.9965968969810419,0.6330837525446568,0.6553854411145941,1.34,4.888,3.06,3.548,3.67,4.683,4.6775,4.22,4.27,4.4,True,0
2013-10-22,2319,2936339884,2985778843,145262654,80208449,65054205,348842,145611496,96172537,79106727,17065810,39792495,39314232,218,1507,177,62,49438959,1.1880164210581556,0.997604296298144,0.44783847195852555,0.8225500695692368,1.2698,4.846,3.052,3.558,3.6,4.707,4.6813,4.22,4.27,4.4,True,0
2013-10-23,2333,2985778843,3018083493,105727597,55822529,49905068,365515,106093112,73788462,61697747,12090715,24671186,37026561,178,1621,196,54,32304650,1.2241864492305936,0.9965547716236282,0.47201553251985856,0.8361435558854716,1.273,4.825,3.78,3.992,3.871,4.814,4.6843,4.22,4.27,4.4,True,0
2013-10-24,2366,3018083493,3029430402,69158484,20287230,48871254,372346,69530830,58183921,50820693,7363228,24085834,26734859,178,1666,203,63,11346909,1.2337166975784524,0.9946448791133372,0.706655946940653,0.8734490925766244,1.2811,4.819,4.088,4.68,4.882,5.4,4.6876,4.2201,4.27,4.4,True,0
2013-10-25,2366,3029430402,3047141053,69558797,26323562,43235235,377656,69936453,52225802,41095823,11129979,15388480,25707343,163,1677,191,75,17710651,1.2466237869359047,0.9946000120995556,0.6215638691968752,0.7868873511985512,1.2758,4.811,4.367,4.891,5.862,6.422,4.691,4.2201,4.27,4.4,True,0
2013-10-26,2379,3047141053,3053536348,55373965,14759985,40613980,378541,55752506,49357211,44736934,4620277,3869269,40867665,133,1691,173,65,6395295,1.242282498302188,0.9932103321059684,0.7334490134488293,0.9063910438537542,1.2731,4.804,4.367,4.891,5.862,6.422,4.691,4.2201,4.27,4.4,False,1
2013-10-27,2396,3053536348,3075023321,67634331,36450109,31184222,373212,68007543,46520570,34945535,11575035,22721764,12223771,150,1674,171,61,21486973,1.2222287782637524,0.9945121969779146,0.4610709019950238,0.7511845835078977,1.2729,4.797,4.367,4.891,5.862,6.422,4.691,4.2201,4.27,4.4,False,2
2013-10-28,2426,3075023321,3149927232,129632574,67259575,62372999,360801,129993375,55089464,42093258,12996206,16468981,25624277,198,1656,197,77,74903911,1.1733276867723632,0.9972244662468376,0.48115220638911327,0.7640890824423342,1.2428,4.743,4.434,4.894,6.396,6.477,4.6975,4.2201,4.27,4.4,True,0
2013-10-29,2470,3149927232,3208924908,101671985,50888468,50783517,378159,102050144,43052468,37896929,5155539,22855535,15041394,208,1673,201,61,58997676,1.2005324953487688,0.996294380535122,0.4994838745402679,0.8802498616339486,1.289,4.754,4.446,4.947,6.452,6.162,4.6966,4.22,4.27,4.4,True,0
2013-10-30,2524,3208924908,3254679467,109262475,57375950,51886525,400785,109663260,63908701,56860968,7047733,22494418,34366550,211,1736,215,71,45754559,1.2489697063363006,0.996345312003309,0.474879641889862,0.8897218549317721,1.2902,4.763,5.23,5.593,6.349,5.924,4.6965,4.2195,4.27,4.4,True,0
2013-10-31,2558,3254679467,3289998335,90518963,33377309,57141654,407738,90926701,55607833,45640239,9967594,9460426,36179813,230,1757,221,63,35318868,1.2527746714665957,0.9955157506484261,0.6312672185606015,0.8207519793119793,1.2965,4.772,4.59,4.993,5.51,5.334,4.6948,4.22,4.27,4.4,True,0
2013-11-01,2627,3289998335,3373970161,150490888,97662024,52828864,414057,150904945,66933119,58022316,8910803,20798916,37223400,224,1785,239,80,83971826,1.2585325518105466,0.9972561734143305,0.35104360604211465,0.8668700468000005,1.2919,4.781,4.2883,4.61,5.03,5.162,4.6925,4.22,4.27,4.4,True,0
2013-11-02,2656,3373970161,3409396955,61714348,23865307,37849041,417952,62132300,26705506,17490075,9215431,7143672,10346403,172,1818,190,62,35426794,1.2387542866595018,0.9932731928481643,0.613294026860658,0.6549239321658987,1.2911,4.79,4.2883,4.61,5.03,5.162,4.6925,4.22,4.27,4.4,False,1
2013-11-03,2663,3409396955,3447209071,68291959,30519678,37772281,415911,68707870,30895754,22484962,8410792,14516429,7968533,184,1808,193,59,37812116,1.2198960856994137,0.9939466759775846,0.5530999777001565,0.727768676563129,1.291,4.8,4.2883,4.61,5.03,5.162,4.6925,4.22,4.27,4.4,False,2
2013-11-04,2734,3447209071,3616266423,299614565,237955005,61659560,412838,300027403,130970051,123744291,7225760,8145407,115598884,242,1795,236,83,169057352,1.1976007010222909,0.9986239990218494,0.20579627028479072,0.9448289135964374,1.2888,4.825,4.0971,4.423,4.5,4.605,4.6921,4.22,4.27,4.4,True,0
2013-11-05,2950,3616266423,3714481373,180478015,64596913,115881102,426799,180904814,82689864,70461231,12228633,14710337,55750894,570,1819,383,214,98214950,1.1802200116824744,0.9976407537723125,0.64207877064694,0.8521144864865179,1.2938,4.828,3.9147,4.232,4.557,4.6155,4.693,4.22,4.27,4.4,True,0
2013-11-06,3061,3714481373,3764248463,181014598,38422060,142592538,460312,181474910,131707820,112480989,19226831,49152384,63328605,557,1919,379,212,49767090,1.239236258784168,0.9974634950914151,0.7877405445498932,0.8540190628012824,1.2917,4.829,3.66,3.866,4.55,4.869,4.6926,4.22,4.27,4.4,True,0
2013-11-07,3183,3764248463,3848905475,167495139,39534732,127960407,468325,167963464,83306452,69810548,13495904,18133158,51677390,612,2058,419,215,84657012,1.2441394467004927,0.9972117448113597,0.7639648993037345,0.8379968936859776,1.2935,4.827,3.73,3.891,4.552,4.974,4.6933,4.2204,4.27,4.4,True,0
2013-11-08,3280,3848905475,3987798639,231270156,124106307,107163849,479315,231749471,92856307,82726508,10129799,13757231,68969277,546,2151,380,176,138893164,1.2453280630384926,0.9979317536392565,0.463370851014603,0.8909088749351188,1.292,4.827,3.761,3.939,4.5805,5.077,4.6944,4.2201,4.27,4.4,True,0
2013-11-09,3367,3987798639,4068379896,125980699,36733104,89247595,486329,126467028,45885771,34977702,10908069,7874091,27103611,457,2251,343,142,80581257,1.2195425196342267,0.996154499653459,0.708422764029909,0.7622777440091396,1.2891,4.826,3.761,3.939,4.5805,5.077,4.6944,4.2201,4.27,4.4,False,1
2013-11-10,3673,4068379896,4147899723,164328004,48481839,115846165,485467,164813471,85293644,63485264,21808380,25181514,38303750,721,2245,493,181,79519827,1.1932686042355765,0.9970544458711145,0.7049690994847111,0.744314124977472,1.2889,4.825,3.761,3.939,4.5805,5.077,4.6944,4.2201,4.27,4.4,False,2
2013-11-11,3556,4147899723,4068761211,147425452,69094170,78331282,560987,147986439,227124951,46469465,180655486,7155297,39314168,451,2264,1312,145,-79138512,1.3524603714244612,0.9962091999524362,0.5313280775968047,0.2045986792529897,1.4962,4.938,3.6,3.78,4.458,5.269,4.6962,4.22,4.27,4.4,True,0
2013-11-12,3484,4068761211,4085967334,147913613,75656414,72257199,556034,148469647,131263524,118955397,12308127,13535932,105419465,317,2273,370,106,17206123,1.3665928550851003,0.9962548978108636,0.4885094585580842,0.906233455990409,1.4577,5.028,3.329,3.545,4.305,4.865,4.6978,4.22,4.27,4.4,True,0
2013-11-13,3527,4085967334,4181400870,174000238,104660075,69340163,554738,174554976,79121440,64222702,14898738,36973694,27249008,292,2349,318,83,95433536,1.3576662627327798,0.9968219869022812,0.3985061388249366,0.8116978406864183,1.4097,5.093,3.336,3.635,4.359,5.251,4.699,4.22,4.27,4.4,True,0
2013-11-14,3528,4181400870,4296842778,167462695,85700589,81762106,533363,167996058,52554150,44466141,8088009,22737277,21728864,271,2367,319,83,115441908,1.2755605515526667,0.9968251457424079,0.4882407153426021,0.8461014211056596,1.3294,5.112,4.188,4.193,4.485,5.325,4.6997,4.2202,4.27,4.4,True,0
2013-11-15,3562,4296842778,4362903228,123661256,44129861,79531395,609448,124270704,58210254,48336223,9874031,13669346,34666877,278,2417,313,107,66060450,1.4183623453024559,0.9950958031106028,0.6431391494196048,0.8303729957955518,1.4738,5.212,4.454,5.311,5.902,5.949,4.706,4.2207,4.27,4.4,True,0
2013-11-16,3604,4362903228,4451992661,117530834,62614420,54916414,554871,118085705,28996272,21696609,7299663,15626737,6069872,236,2403,247,70,89089433,1.271793049268156,0.9953011162528098,0.46725112152271464,0.7482551205203207,1.3102,5.224,4.454,5.311,5.902,5.949,4.706,4.2207,4.27,4.4,False,1
2013-11-17,3630,4451992661,4521421128,111233475,45938489,65294986,553147,111786622,42358155,32349646,10008509,17699482,14650164,257,2384,261,71,69428467,1.2424706016378584,0.9950517603081341,0.5870084163063323,0.7637170693577188,1.31,5.235,4.454,5.311,5.902,5.949,4.706,4.2207,4.27,4.4,False,2
2013-11-18,3685,4521421128,4580270823,195210552,94427782,100782770,555925,195766477,136916782,122604040,14312742,41227427,81376613,340,2367,354,100,58849695,1.2295359893757722,0.9971602645737963,0.5162772655855202,0.8954639322446243,1.321,5.139,4.513,5.357,6.198,6.405,4.7095,4.2206,4.27,4.4,True,0
2013-11-19,3725,4580270823,4641328007,130801756,47990602,82811154,563663,131365419,70308235,55668286,14639949,15545895,40122391,304,2386,342,95,61057184,1.2306324708345746,0.9957091980196097,0.6331042986915252,0.7917747615197566,1.3377,5.073,4.075,4.83,5.532,6.121,4.71,4.2206,4.27,4.4,True,0
2013-11-20,3766,4641328007,4720539791,165560984,56087750,109473234,602018,166163002,86951218,73686937,13264281,22879788,50807149,317,2485,324,91,79211784,1.2970813506221561,0.9963769431657234,0.6612260410339189,0.8474514641071503,1.3352,5.033,4.057,4.751,5.43,6.179,4.7092,4.2207,4.27,4.4,True,0
2013-11-21,3773,4720539791,4866972767,220554500,118123549,102430951,612438,221166938,74733962,65894716,8839246,16100622,49794094,291,2517,345,110,146432976,1.2973897628564657,0.9972308790566156,0.4644246705462822,0.8817238406281739,1.3442,5.041,3.889,4.708,5.599,6.283,4.711,4.2207,4.27,4.4,True,0
2013-11-22,3801,4866972767,4912783533,127901717,42947137,84954580,626970,128528687,82717921,62330738,20387183,24678325,37652413,269,2543,352,117,45810766,1.2882134953602054,0.9951219450331737,0.6642176664446185,0.7535336629168907,1.3502,4.973,3.899,4.763,5.916,6.378,4.7118,4.2207,4.27,4.4,True,0
2013-11-23,3885,4912783533,4953010420,88464354,28994052,59470302,644664,89109018,48882131,42399242,6482889,11475436,30923806,251,2575,304,87,40226887,1.3122173929905165,0.9927654460292672,0.67225158282397,0.8673771198722904,1.3469,4.993,3.899,4.763,5.916,6.378,4.7118,4.2207,4.27,4.4,False,1
2013-11-24,3910,4953010420,4969849464,101754797,57943382,43811415,640194,102394991,85555947,78236326,7319621,9204891,69031435,217,2556,299,90,16839044,1.2925351366412026,0.9937477996360193,0.43055871852410066,0.9144463797472782,1.3467,5.013,3.899,4.763,5.916,6.378,4.7118,4.2207,4.27,4.4,False,2
2013-11-25,3964,4969849464,5046879939,146505434,74040394,72465040,638168,147143602,70113127,46317043,23796084,9657210,36659833,333,2547,358,110,77030475,1.2840791348363463,0.9956629578770269,0.4946235646112621,0.6606044400216239,1.361,5.035,3.847,4.74,6.165,6.378,4.7132,4.2207,4.27,4.4,True,0
2013-11-26,4001,5046879939,5239114658,257385328,167619964,89765364,652374,258037702,65802983,49269796,16533187,10910790,38359006,327,2551,372,102,192234719,1.2926283325243175,0.9974717880567701,0.34875866739381506,0.7487471502621698,1.3774,5.057,3.746,4.6775,5.95,6.582,4.7156,4.2207,4.27,4.4,True,0
2013-11-27,4033,5239114658,5287759288,134089685,57779508,76310177,684443,134774128,86129498,72687979,13441519,8395361,64292618,308,2678,358,106,48644630,1.3064096601796493,0.9949215549738152,0.5690980406136386,0.8439382637525648,1.3755,5.079,3.764,4.663,5.968,6.704,4.7211,4.2207,4.27,4.4,True,0
2013-11-28,4049,5287759288,5366066122,139046863,58319586,80727277,713562,139760425,61453591,49127561,12326030,20095247,29032314,290,2698,322,87,78306834,1.3494600664204817,0.9948943915990525,0.5805760393170467,0.7994253907798489,1.3862,5.102,3.746,4.823,6.295,6.555,4.7181,4.2207,4.27,4.4,True,0
2013-11-29,4092,5366066122,5364620300,121810671,43456530,78354141,725673,122536344,123982166,111001489,12980677,15313495,95687994,299,2734,312,102,-1445822,1.3523370444968215,0.994077895779231,0.6432452949873333,0.8953020630402602,1.3879,5.123,3.726,4.666,6.066,6.365,4.7229,4.2207,4.27,4.4,True,0
2013-11-30,4139,5364620300,5361825481,116137403,58697397,57440006,728089,116865492,119660311,109292771,10367540,21919187,87373584,263,2758,314,97,-2794819,1.3572050942729348,0.9937698546633423,0.49458662339814846,0.9133585738382378,1.3878,5.145,3.726,4.666,6.066,6.365,4.7229,4.2207,4.27,4.4,False,1
2013-12-01,4186,5361825481,5405083240,137174775,59786618,77388157,715217,137889992,94632233,74170465,20461768,15707290,58463175,301,2737,369,98,43257759,1.3339057799147342,0.9948131333563353,0.5641573459843473,0.7837759149147415,1.3876,5.168,3.726,4.666,6.066,6.365,4.7229,4.2207,4.27,4.4,False,2
2013-12-02,4240,5405083240,5621931412,344606438,181458812,163147626,706820,345313258,128465086,97231148,31233938,47382011,49849137,361,2719,388,111,216848172,1.3076949394030053,0.9979531049456549,0.47343174128395127,0.7568682746999446,1.3882,5.182,3.748,4.571,5.93,6.263,4.7197,4.2207,4.27,4.4,True,0
2013-12-03,4266,5621931412,5788936223,267952466,96712045,171240421,714390,268666856,101662045,75942022,25720023,22917759,53024263,357,2738,403,103,167004811,1.2707198783591278,0.9973409820227322,0.6390701438814151,0.7470046662940923,1.399,5.194,3.725,4.6,5.913,6.28,4.7365,4.2216,4.2701,4.4,True,0
2013-12-04,4292,5788936223,5938411266,218681591,102384322,116297269,774781,219456372,69981329,54135462,15845867,7852080,46283382,319,2861,390,100,149475043,1.3383823385749538,0.9964695442973969,0.5318109698589124,0.7735700760984405,1.3982,5.207,3.7235,4.577,5.75,6.235,4.7778,4.232,4.2706,4.4,True,0
2013-12-05,4334,5938411266,6010979734,190022709,69146648,120876061,802578,190825287,118256819,104430857,13825962,39525525,64905332,333,2904,388,117,72568468,1.3515028920194696,0.9957941737564372,0.6361137657499663,0.8830852874539099,1.4025,5.216,3.703,4.558,5.509,6.08,4.885,4.2432,4.2707,4.4,True,0
2013-12-06,4341,6010979734,6080551322,151391317,55634193,95757124,805842,152197159,82625571,72000604,10624967,27086231,44914373,280,2907,360,112,69571588,1.340616730816614,0.9947052756746925,0.6325139770070168,0.8714082472119921,1.3848,5.214,3.7,4.55,5.058,5.596,5.167,4.2513,4.2739,4.405,True,0
2013-12-07,4362,6080551322,6147517880,138063886,70946815,67117071,818719,138882605,71916047,57836793,14079254,7621422,50215371,244,2953,328,103,66966558,1.3464552088193034,0.9941049564846511,0.48613053669951023,0.8042265309715925,1.3815,5.211,3.7,4.55,5.058,5.596,5.167,4.2513,4.2739,4.405,False,1
2013-12-08,4391,6147517880,6196090491,124072382,39666888,84405494,814521,124886903,76314292,57106737,19207555,7934169,49172568,243,2935,303,88,48572611,1.3249591394437719,0.993477930988488,0.680292363533409,0.7483098578703973,1.3809,5.207,3.7,4.55,5.058,5.596,5.167,4.2513,4.2739,4.405,False,2
2013-12-09,4428,6196090491,6237388004,173818023,58079956,115738067,834789,174652812,133355299,112452598,20902701,12725637,99726961,317,2928,413,135,41297513,1.3472834220425847,0.9952202945349657,0.6658576884170406,0.8432555649700879,1.4227,5.226,3.62,4.485,4.882,5.45,5.2581,4.3302,4.3553,4.4689,True,0
2013-12-10,4473,6237388004,6269712275,178632183,64157045,114475138,839429,179471612,147147341,131378380,15768961,27083516,104294864,373,2949,361,120,32324271,1.3458021201529857,0.9953227756153435,0.6408427422062014,0.892835569485418,1.4271,5.241,3.558,4.444,4.72,5.296,5.338,4.3995,4.4319,4.5237,True,0
2013-12-11,4518,6269712275,6399314660,239051211,138677071,100374140,865766,239916977,110314592,94105429,16209163,32858604,61246825,343,3042,395,131,129602385,1.3808703845185624,0.9963913933443734,0.4198855114772876,0.8530641984335128,1.42,5.253,3.51,4.329,4.55,5.238,5.332,4.4612,4.4969,4.5771,True,0
2013-12-12,4563,6399314660,6447584392,139456440,37802740,101653700,903567,140360007,92090275,47635792,44454483,11324110,36311682,419,3088,788,130,48269732,1.4119746379216176,0.9935625038833177,0.7289279720606664,0.5172727739166812,1.4663,5.288,3.46,4.305,4.51,5.4155,5.3222,4.5197,4.5547,4.6247,True,0
2013-12-13,4577,6447584392,6521478868,163756758,51626995,112129763,915932,164672690,90778214,59580921,31197293,23943149,35637772,360,3068,370,112,73894476,1.4205816385070744,0.9944378633761312,0.6847336523357406,0.656335021087769,1.4527,5.325,3.4321,4.3,4.41,5.423,5.335,4.5736,4.6072,4.6657,True,0
2013-12-14,4599,6521478868,6598289813,128124144,60894040,67230104,921452,129045596,52234651,36469460,15765191,13547421,22922039,262,3108,322,99,76810945,1.4129494531086166,0.9928594851078839,0.5247262686102316,0.6981851951111916,1.4493,5.363,3.4321,4.3,4.41,5.423,5.335,4.5736,4.6072,4.6657,False,1
2013-12-15,4648,6598289813,6749415054,204965245,126617857,78347388,917142,205882387,54757146,36699877,18057269,8502234,28197643,309,3088,381,104,151125241,1.3899692586903956,0.9955453110226471,0.3822471853703783,0.6702299093528359,1.4491,5.4,3.4321,4.3,4.41,5.423,5.335,4.5736,4.6072,4.6657,False,2
2013-12-16,4675,6749415054,6789747659,195558740,76785117,118773623,931191,196489931,156157326,123486114,32671212,31097965,92388149,373,3081,457,145,40332605,1.3796617818726904,0.9952608716626807,0.6073552273858995,0.7907801520627985,1.4771,5.43,3.447,4.358,4.389,5.557,5.331,4.6207,4.6553,4.7045,True,0
2013-12-17,4717,6789747659,6867190613,193053100,62804752,130248348,927697,193980797,116537843,104512473,12025370,14476061,90036412,403,3092,443,119,77442954,1.366320291403336,0.9952175833157341,0.6746762833645251,0.896811458918113,1.4532,5.444,3.47,4.459,4.552,6.235,5.3537,4.6608,4.6957,4.7335,True,0
2013-12-18,4752,6867190613,6845185545,179244717,44534059,134710658,971087,180215804,202220872,191495399,10725473,50257836,141237563,363,3188,407,126,-22005068,1.4140964693213476,0.994611532515761,0.7515460441715557,0.9469615925699302,1.4542,5.463,3.588,5.902,5.079,6.765,5.385,4.7054,4.7423,4.7634,True,0
2013-12-19,4783,6845185545,6914793558,232618878,97470048,135148830,1012479,233631357,164023344,148487287,15536057,21715384,126771903,364,3228,410,140,69608013,1.479111111516262,0.9956663394289149,0.5809882291668521,0.9052814275021731,1.5167,5.491,3.846,6.472,6.218,7.1012,5.4239,4.7487,4.7816,4.8013,True,0
2013-12-20,4854,6914793558,6894981995,132849845,39915508,92934337,1017555,133867400,153678963,133714448,19964515,33286473,100427975,345,3257,439,149,-19811563,1.4715623705392478,0.992398784170007,0.6995441884030802,0.8700894734694429,1.513,5.524,3.927,7.654,7.003,7.53,5.458,4.7818,4.8135,4.8353,True,0
2013-12-21,4890,6894981995,6923831180,110979622,43066009,67913613,1021157,112000779,83151594,72541484,10610110,22399613,50141871,287,3269,373,117,28849185,1.4810147448398088,0.9908825902005557,0.6119466959438734,0.8724004016086571,1.5109,5.558,3.927,7.654,7.003,7.53,5.458,4.7818,4.8135,4.8353,False,1
2013-12-22,4935,6923831180,6994376148,153531785,70446218,83085567,1011432,154543217,83998249,63282332,20715917,16987033,46295299,296,3248,354,110,70544968,1.4607981819683824,0.9934553452449485,0.5411619945667928,0.7533767995568574,1.5107,5.592,3.927,7.654,7.003,7.53,5.458,4.7818,4.8135,4.8353,False,2
2013-12-23,4979,6994376148,7054645270,197669761,70138872,127530889,1077606,198747367,138478245,113632229,24846016,40662170,72970059,341,3253,483,158,60269122,1.5406749325429616,0.9945780111894513,0.6451714635300237,0.8205781998464813,1.6189,5.67,4.515,8.843,8.246,7.656,5.516,4.8151,4.8422,4.8656,True,0
2013-12-24,5010,7054645270,7241443693,304333324,189794936,114538388,1073010,305406334,118607911,97048791,21559120,25956197,71092594,373,3283,474,159,186798423,1.5209978091499419,0.9964866151073344,0.3763583510821838,0.8182320233259989,1.611,5.757,4.145,6.197,5.761,6.605,5.5174,4.8369,4.8622,4.8856,True,0
2013-12-25,5045,7241443693,7448764361,378896458,207488097,171408361,1179690,380076148,172755480,144799451,27956029,25199652,119599799,396,3415,436,134,207320668,1.6290812302253443,0.9968961746055162,0.45238839630430117,0.8381757325440559,1.7012,5.893,4.05,5.616,5.941,6.509,5.522,4.8588,4.8823,4.9034,True,0
2013-12-26,5077,7448764361,7427199206,219035100,86180958,132854142,1252309,220287409,241852564,220480509,21372055,21879648,198600861,368,3459,474,159,-21565155,1.681230522684808,0.9943151131256893,0.6065427047993678,0.9116318857798009,1.7674,6.032,4.001,5.329,6.14,6.57,5.538,4.8763,4.8982,4.9203,True,0
2013-12-27,5117,7427199206,7474795625,209818922,71581657,138237265,1300045,211118967,163522548,141149171,22373377,16737992,124411179,369,3493,459,160,47596419,1.7503839118112918,0.9938421212528953,0.658840793205486,0.8631786424952234,1.803,6.192,3.513,5.067,5.949,6.492,5.5465,4.8942,4.9142,4.9361,True,0
2013-12-28,5155,7474795625,7606220411,191506544,82079222,109427322,1301462,192808006,61383220,42865584,18517636,10339282,32526302,344,3535,400,128,131424786,1.7411338922059156,0.9932499587180006,0.5714025208454495,0.6983273930562782,1.7889,6.346,3.513,5.067,5.949,6.492,5.5465,4.8942,4.9142,4.9361,False,1
2013-12-29,5176,7606220411,7712563769,160179393,80308840,79870553,1293954,161473347,55129989,39204803,15925186,5655465,33549338,298,3521,373,119,106343358,1.7011786801874733,0.9919865784413325,0.498631887061777,0.7111338803278194,1.7886,6.5,3.513,5.067,5.949,6.492,5.5465,4.8942,4.9142,4.9361,False,2
2013-12-30,5238,7712563769,7819095923,285062954,121679259,163383695,1295824,286358778,179826624,159174290,20652334,40393506,118780784,427,3510,495,159,106532154,1.6801468860568198,0.9954748235446095,0.5731495191058744,0.8851541916284876,1.7947,6.598,3.205,4.841,5.907,6.122,5.553,4.9068,4.9277,4.9485,True,0
2013-12-31,5258,7819095923,7950715327,264556746,115229028,149327718,1295188,265851934,134232530,110591750,23640780,19505479,91086271,412,3519,498,148,131619404,1.656442142102622,0.9951281603240095,0.5644449452065758,0.8238818861568057,1.7869,6.696,3.148,5.25,5.962,5.913,5.5565,4.9205,4.94,4.9606,True,0
2014-01-01,5293,7950715327,8204274137,329555717,93419831,236135886,1370848,330926565,77367755,55616967,21750788,15782631,39834336,411,3638,451,123,253558810,1.7241819680610482,0.9958575462202619,0.7165279611884263,0.7188649457386995,1.7807,6.74,3.148,5.25,5.962,5.913,5.5565,4.9205,4.94,4.9606,False,1
2014-01-02,5340,8204274137,8449075426,433531489,145093807,288437682,1425250,434956739,190155450,167214402,22941048,26734732,140479670,497,3668,505,131,244801289,1.7372042623153514,0.9967232373424613,0.6653211803952723,0.8793563476618734,1.8092,6.763,3.131,4.981,5.759,5.91,5.5657,4.9306,4.9501,4.9677,True,0
2014-01-03,5374,8449075426,8663435976,340640596,143850914,196789682,1434209,342074805,127714255,103872946,23841309,27165547,76707399,430,3692,511,194,214360550,1.6974744900330352,0.9958073234887908,0.5777047254813986,0.81332303899827,1.7847,6.753,3.006,4.711,5.524,6.201,5.5661,4.9389,4.9582,4.9757,True,0
2014-01-04,5414,8663435976,8749652812,184607251,49062116,135545135,1478659,186085910,99869074,77903302,21965772,10496655,67406647,341,3732,435,140,86216836,1.706781240256493,0.9920538905927913,0.734235162843089,0.7800543139110312,1.7751,6.745,3.006,4.711,5.524,6.201,5.5661,4.9389,4.9582,4.9757,False,1
2014-01-05,5483,8749652812,8798901523,204559800,61986069,142573731,1470907,206030707,156781996,135938439,20843557,37596243,98342196,361,3713,410,120,49248711,1.6811032753010222,0.9928607389577128,0.6969782479255455,0.8670538867230648,1.7748,6.738,3.006,4.711,5.524,6.201,5.5661,4.9389,4.9582,4.9757,False,2
2014-01-06,5514,8798901523,9050477936,441042872,198531158,242511714,1451170,442494042,190917629,165907730,25009899,35042141,130865589,461,3699,517,166,251576413,1.649262690583246,0.9967204756171609,0.5498597288292645,0.8690016258268114,1.774,6.726,2.92,4.633,5.433,6.475,5.5732,4.9476,4.966,4.9824,True,0
2014-01-07,5560,9050477936,9502231639,588222460,231240835,356981625,1504036,589726496,137972793,110441587,27531206,23886191,86555396,456,3740,501,149,451753703,1.6618304697671384,0.9974496041636223,0.6068820034515513,0.8004591673374329,1.8086,6.738,2.875,4.259,5.074,5.925,5.576,4.9547,4.9713,4.9869,True,0
2014-01-08,5621,9502231639,9552376725,262398195,73458333,188939862,1626965,264025160,213880074,189481690,24398384,22175353,167306337,435,3889,578,181,50145086,1.7121925267770248,0.9938378410602989,0.7200501588816188,0.8859249319317142,1.822,6.761,2.83,4.126,4.927,5.65,5.5821,4.9585,4.9742,4.9904,True,0
2014-01-09,5646,9552376725,9692683975,279057823,115504758,163553065,1640664,280698487,140391237,114535572,25855665,27071650,87463922,449,3908,531,172,140307250,1.717545326396243,0.9941550664646084,0.5860902347826314,0.8158313470804449,1.7647,6.737,2.794,4.02,4.799,6.314,5.5837,4.964,4.9776,4.9929,True,0
2014-01-10,5701,9692683975,9813222458,236112121,81263442,154848679,1685515,237797636,117259153,90800403,26458750,26710276,64090127,439,3956,506,165,120538483,1.7389559015308762,0.9929119774765128,0.655826894206757,0.7743566338058062,1.7878,6.738,2.766,4.041,4.75,5.675,5.5841,4.9673,4.9818,4.9934,True,0
2014-01-11,5764,9813222458,9985095714,241731696,147087308,94644388,1671742,243403438,71530182,40910074,30620108,14724475,26185599,367,3982,487,159,171873256,1.7035606877913498,0.9931318061333217,0.39152659566828174,0.571927441761577,1.7439,6.721,2.766,4.041,4.75,5.675,5.5841,4.9673,4.9818,4.9934,False,1
2014-01-12,5836,9985095714,10071845246,226592609,70170242,156422367,1662735,228255344,141505812,117499996,24005816,26923654,90576342,356,3955,461,156,86749532,1.6652168868733992,0.9927154608042824,0.6903242241233032,0.8303545581576536,1.7434,6.703,2.766,4.041,4.75,5.675,5.5841,4.9673,4.9818,4.9934,False,2
2014-01-13,5945,10071845246,10340128524,445546064,140961565,304584499,1660986,447207050,178923772,157020238,21903534,31182941,125837297,509,3950,532,185,268283278,1.6491377294142353,0.99628586803361,0.6836206704768466,0.8775817558775812,1.7584,6.695,2.738,4.013,4.636,6.465,5.5849,4.9715,4.984,4.9955,True,0
2014-01-14,6076,10340128524,10537257263,355227951,136709487,218518464,1679177,356907128,159778389,130147089,29631300,26903661,103243428,521,3975,554,183,197128739,1.6239420971437046,0.9952951990356438,0.6151499716867719,0.8145475105522563,1.7634,6.67,2.7395,4.0036,4.69,6.4842,5.5865,4.9742,4.9855,4.9977,True,0
2014-01-15,6136,10537257263,10751047734,389643679,64750474,324893205,1765039,391408718,177618247,138809789,38808458,28292066,110517723,479,4131,539,192,213790471,1.6750459402729685,0.9954905475559693,0.833821315499898,0.7815063561572027,1.7295,6.618,2.7513,3.965,4.641,6.742,5.5846,4.9757,4.9896,4.9997,True,0
2014-01-16,6215,10751047734,10972827391,373159557,106140501,267019056,1787526,374947083,153167426,129301605,23865821,26988051,102313554,566,4192,563,183,221779657,1.6626528355436285,0.995232591261418,0.7155626889116496,0.8441847485247941,1.723,6.595,2.7723,4.256,4.679,6.693,5.5812,4.9788,4.9913,4.9999,True,0
2014-01-17,6241,10972827391,11190869034,343608394,88624595,254983799,1818459,345426853,127385210,105505214,21879996,18305723,87199491,489,4228,554,203,218041643,1.6572383171647396,0.9947356177314912,0.7420767462392086,0.8282375481423628,1.7139,6.554,2.817,4.776,4.735,6.964,5.5868,4.9821,4.9918,5.0002,True,0
2014-01-18,6268,11190869034,11281199880,231380252,89497089,141883163,1820436,233200688,142869842,106329496,36540346,31449193,74880303,381,4262,529,165,90330846,1.6267154896274518,0.9921936936995658,0.6132034249837363,0.7442403135015716,1.6772,6.517,2.817,4.776,4.735,6.964,5.5868,4.9821,4.9918,5.0002,False,1
2014-01-19,6268,11281199880,11348652551,183275869,45738067,137537802,1806153,185082022,117629351,87677116,29952235,21831199,65845917,374,4239,526,183,67452671,1.601029162865963,0.9902413374325465,0.7504414124480294,0.7453676761338248,1.6767,6.48,2.817,4.776,4.735,6.964,5.5868,4.9821,4.9918,5.0002,False,2
2014-01-20,6353,11348652551,11241417494,333912224,66330226,267581998,1848803,335761027,442996084,397892477,45103607,36654039,361238438,519,4222,603,216,-107235057,1.629094724410336,0.9944936938735299,0.8013543044174387,0.898185088697082,1.7235,6.46,3.888,6.329,5.538,7.472,5.5893,4.9854,4.993,5.0001,True,0
2014-01-21,6382,11241417494,11351446969,411045427,105334037,305711390,1809184,412854611,302825136,254014611,48810525,34959044,219055567,511,4238,605,215,110029475,1.6093913431874893,0.9956178665520584,0.7437411291282897,0.8388161377726584,1.6958,6.423,3.641,5.535,5.562,7.427,5.591,4.9873,4.9936,5.0001,True,0
2014-01-22,6406,11351446969,11557321387,496881726,116679482,380202244,1848880,498730606,292856188,257460034,35396154,50621581,206838453,512,4368,553,210,205874418,1.628761518288515,0.9962928282769155,0.7651765482717712,0.8791346898225691,1.6853,6.398,3.676,5.224,5.56,6.95,5.5924,4.9887,4.9935,5.0001,True,0
2014-01-23,6428,11557321387,11829747156,479509602,102994484,376515118,1940495,481450097,209024328,171903922,37120406,30727063,141176859,474,4401,510,198,272425769,1.6790179445755686,0.9959694784317387,0.7852087141312344,0.8224110736047912,1.7491,6.413,3.7,5.293,5.94,6.708,5.5926,4.9904,4.9943,5.0001,True,0
2014-01-24,6467,11829747156,12098022049,612133670,144614549,467519121,1970224,614103894,345829001,307902425,37926576,29754999,278147426,535,4420,526,206,268274893,1.665482764778037,0.996791708993788,0.7637533171472172,0.8903314184457306,1.7296,6.422,3.7193,4.449,6.765,6.817,5.5946,4.9922,4.995,5.0001,True,0
2014-01-25,6526,12098022049,12353351816,438919123,125183326,313735797,1935500,440854623,185524856,141148777,44376079,33390830,107757947,440,4439,415,175,255329767,1.5998482993011116,0.9956096638233507,0.7147918159856526,0.7608079048987376,1.6815,6.424,3.7193,4.449,6.765,6.817,5.5946,4.9922,4.995,5.0001,False,1
2014-01-26,6600,12353351816,12550001817,526466645,101475502,424991143,1935875,528402520,331752519,312301219,19451300,39439760,272861459,528,4422,459,211,196650001,1.5670848113405662,0.9963363630438401,0.8072517927512768,0.9413680412777815,1.695,6.434,4.4,4.717,6.35,6.995,5.5962,4.9929,4.9966,5.0001,True,0
2014-01-27,6626,12550001817,12926555440,655298101,196149985,459148116,1901383,657199484,280645861,243877573,36768288,58856167,185021406,582,4390,445,208,376553623,1.515045995789755,0.9971068403942934,0.7006706036524895,0.8689868866443037,1.6915,6.416,4.534,4.689,6.092,6.83,5.5989,4.9933,4.9984,5.0001,True,0
2014-01-28,6683,12926555440,13521645866,841426055,202335691,639090364,1998687,843424742,248334316,215384223,32950093,47826061,167558162,619,4437,443,219,595090426,1.5461868471280853,0.9976302722691529,0.7595324154776738,0.867315586783423,1.7398,6.441,4.8477,4.9657,6.807,7.333,5.5998,4.9931,4.9994,5.0001,True,0
2014-01-29,6735,13521645866,14258960858,950357375,102260088,848097287,2122283,952479658,215164666,166564193,48600473,38228588,128335605,582,4604,420,199,737314992,1.5695448771783416,0.9977718337791525,0.8923982801732875,0.7741242839565489,1.6693,6.432,4.8,5.108,7.072,7.192,5.6,4.9938,4.9996,5.0001,True,0
2014-01-30,6749,14258960858,14381588964,225754304,44901628,180852676,2161907,227916211,105288105,86348151,18939954,13588206,72759945,292,4664,331,140,122628106,1.516174300167926,0.9905144658621935,0.8011040002143215,0.8201130697527512,1.6193,6.36,4.435,4.983,5.733,5.441,5.6,4.9941,4.9998,5.0001,True,0
2014-01-31,6783,14381588964,14420780750,85045931,20914075,64131856,2278244,87324175,48132389,37826735,10305654,7796701,30030034,204,4722,242,72,39191786,1.584139280925704,0.9739105007290364,0.7540849426411712,0.7858894142985506,1.609,6.293,4.435,4.983,5.733,5.441,5.6,4.9941,4.9998,5.0001,False,1
2014-02-01,6780,14420780750,14423540862,61983151,14043513,47939638,2304021,64287172,61527060,50152690,11374370,18881191,31271499,199,4741,309,99,2760112,1.597708917389927,0.9641604860142238,0.7734301536235226,0.815132236125048,1.6086,6.253,4.435,4.983,5.733,5.441,5.6,4.9941,4.9998,5.0001,False,2
2014-02-02,6793,14423540862,14457057903,55617117,20359506,35257611,2295644,57912761,24395720,12802777,11592943,2770284,10032493,165,4722,256,58,33517041,1.5915953107243326,0.9603603081538454,0.6339345313422126,0.5247960297953903,1.6083,6.205,4.435,4.983,5.733,5.441,5.6,4.9941,4.9998,5.0001,False,3
2014-02-03,6831,14457057903,14495278557,82037541,22041714,59995827,2292307,84329848,46109194,26038454,20070740,4221624,21816830,183,4704,275,74,38220654,1.5855971632543027,0.972817370665722,0.7313216153078016,0.564712842302123,1.608,6.158,4.435,4.983,5.733,5.441,5.6,4.9941,4.9998,5.0001,False,4
2014-02-04,6850,14495278557,14534004870,81355092,14062302,67292790,2298554,83653646,44927333,30498810,14428523,9930337,20568473,202,4721,290,93,38726313,1.5857259941306832,0.9725229669009287,0.8271490861321871,0.6788475514449077,1.6078,6.085,4.435,4.983,5.733,5.441,5.6,4.9941,4.9998,5.0001,False,5
2014-02-05,6883,14534004870,14647641156,206723577,21148444,185575133,2320413,209043990,95407704,61393389,34014315,14581824,46811565,187,4777,338,104,113636286,1.5965406787427339,0.9888998817904308,0.8976969907984903,0.6434846079096506,1.6072,6.051,4.435,4.983,5.733,5.441,5.6,4.9941,4.9998,5.0001,False,6
2014-02-06,6940,14647641156,14763866096,225540877,30213062,195327815,2319399,227860276,111635336,74360181,37275155,27131322,47228859,282,4802,425,121,116224940,1.5834624669583215,0.9898209594023313,0.8660417463926062,0.6660989581291715,1.6069,6.044,4.435,4.983,5.733,5.441,5.6,4.9941,4.9998,5.0001,False,7
2014-02-07,7075,14763866096,15069202104,576343567,133973411,442370156,2474654,578818221,273482213,245071042,28411171,43274926,201796116,467,4842,570,190,305336008,1.6761558144112825,0.9957246439206343,0.7675459245648177,0.8961132766612504,1.7017,6.096,4.27,5.409,5.65,5.4,5.6,4.9939,4.9998,5.0001,True,0
2014-02-08,7133,15069202104,15244025335,355819907,40691777,315128130,2435561,358255468,183432237,154305089,29127148,17759331,136545758,411,4861,530,163,174823231,1.6162508029230689,0.9932016083003652,0.885639402969098,0.8412103102684181,1.6795,6.135,4.25,5.25,5.43,5.811,5.605,4.9936,4.9999,5.0001,True,0
2014-02-09,7188,15244025335,15322982520,339490129,51108036,288382093,2421105,341911234,262954049,233974807,28979242,22488350,211486457,397,4846,546,171,78957185,1.588232075711123,0.9929189077186039,0.849456488910168,0.8897935129342693,1.6792,6.174,4.25,5.25,5.43,5.811,5.605,4.9936,4.9999,5.0001,False,1
2014-02-10,7306,15322982520,15538694249,645043184,125447760,519595424,2421956,647465140,431753411,378921323,52832088,31775846,347145477,652,4813,642,225,215711729,1.5806035129510807,0.9962593260233285,0.8055203696253614,0.877633652325679,1.7004,6.225,4.3035,5.299,5.422,5.849,5.6031,4.9936,5.0,5.0001,True,0
2014-02-11,7358,15538694249,16114439292,816390370,245808059,570582311,2412835,818803205,243058162,203584663,39473499,30415422,173169241,622,4852,594,206,575745043,1.5527913487037557,0.9970532174455765,0.6989086740452365,0.8375964885310043,1.677,6.263,4.137,5.201,5.28,5.758,5.6005,4.9936,5.0,5.0001,True,0
2014-02-12,7443,16114439292,16522863143,760453811,182145168,578308643,2555959,763009770,354585919,304589227,49996692,48908222,255681005,588,5092,606,205,408423851,1.5861296528442685,0.9966501621597846,0.7604783283806832,0.8589997816579964,1.6702,6.298,4.075,5.178,5.22,5.65,5.6012,4.9955,5.0,5.0001,True,0
2014-02-13,7479,16522863143,16786803951,624058677,111451545,512607132,2640117,626698794,362757986,312788474,49969512,33636126,279152348,549,5166,618,208,263940808,1.5978568466921543,0.9957872633148868,0.8214085484144306,0.8622511042389567,1.6705,6.334,3.669,5.021,4.911,5.629,5.6037,4.9963,5.0,5.0007,True,0
2014-02-14,7604,16786803951,17014252486,488021625,133959311,354062314,2688809,490710434,263261899,149047026,114214873,47348366,101698660,555,5239,584,193,227448535,1.6017396806732982,0.9945205791161147,0.7255053789880725,0.5661549451939493,1.661,6.311,3.278,4.436,4.563,5.493,5.6005,4.9966,5.0,5.0001,True,0
2014-02-15,7669,17014252486,17148181972,252650784,50504975,202145809,2742395,255393179,121463693,98131603,23332090,26924012,71207591,434,5290,485,164,133929486,1.6118222074443478,0.989262066392149,0.800099670381391,0.8079089362119098,1.6566,6.298,3.278,4.436,4.563,5.493,5.6005,4.9966,5.0,5.0001,False,1
2014-02-16,7721,17148181972,17296449376,328597307,61936172,266661135,2727321,331324628,183057224,155532212,27525012,34056657,121475555,474,5276,561,178,148267404,1.5904432344217254,0.9917684326201069,0.8115134522389741,0.8496371167520819,1.6563,6.286,3.278,4.436,4.563,5.493,5.6005,4.9966,5.0,5.0001,False,2
2014-02-17,7826,17296449376,17596758169,703414276,101445973,601968303,2703784,706118060,405809267,380770345,25038922,67346083,313424262,601,5256,651,236,300308793,1.5632017538534146,0.996170917934035,0.855780616826719,0.9382987919790408,1.6526,6.259,2.951,3.879,4.483,5.365,5.6,4.9984,5.0,5.0001,True,0
2014-02-18,7889,17596758169,17919195990,590856887,81848295,509008592,2706258,593563145,271125324,229914520,41210804,48672510,181242010,635,5306,669,215,322437821,1.537929869814079,0.9954406569498179,0.8614752627906662,0.8480009045558577,1.6433,6.241,2.68,3.743,4.639,5.2985,5.6,4.9993,5.0,5.0001,True,0
2014-02-19,7900,17919195990,18003573505,405532115,45373979,360158136,2835851,408367966,323990451,296835668,27154783,37714675,259120993,579,5514,629,237,84377515,1.582577143295144,0.9930556477586198,0.8881124889455426,0.9161864711870783,1.6337,6.22,2.403,3.762,4.678,5.2942,5.6,4.9998,5.0,5.0001,True,0
2014-02-20,8005,18003573505,18251643286,476045215,102087332,373957883,2879976,478925191,230855410,188675504,42179906,35175830,153499674,597,5577,651,240,248069781,1.5996690874731982,0.9939865848484883,0.7855511855108133,0.8172886396727718,1.6358,6.201,1.981,3.703,4.149,5.22,5.596,4.9999,5.0,5.0001,True,0
2014-02-21,8065,18251643286,18426710525,351086615,52081757,299004858,2895072,353981687,178914448,143641461,35272987,38164915,105476546,536,5640,667,224,175067239,1.5861979957830301,0.9918214074164803,0.8516555323534621,0.8028499800083222,1.6282,6.183,1.764,3.595,4.0,5.176,5.5775,4.9996,5.0,5.0001,True,0
2014-02-22,8079,18426710525,18573998113,279083130,97883214,181199916,2939576,282022706,134735118,97346500,37388618,13927043,83419457,458,5744,603,217,147287588,1.5952798498743443,0.989576810882738,0.6492686103957628,0.7225027999010621,1.6247,6.165,1.764,3.595,4.0,5.176,5.5775,4.9996,5.0,5.0001,False,1
2014-02-23,8158,18573998113,18715837772,334129711,70825865,263303846,2924000,337053711,195214052,168188532,27025520,22090461,146098071,520,5718,618,203,141839659,1.5742437262085665,0.9913248247843799,0.7880288323117725,0.8615595561737533,1.6238,6.147,1.764,3.595,4.0,5.176,5.5775,4.9996,5.0,5.0001,False,2
2014-02-24,8280,18715837772,18898684661,653397733,203203164,450194569,2919312,656317045,473470156,435096570,38373586,38390594,396705976,689,5702,820,332,182846889,1.5598083481827694,0.9955519789981989,0.6890054040025266,0.918952471420395,1.6323,6.136,1.7,3.339,3.97,4.968,5.5665,5.0,5.0,5.0001,True,0
2014-02-25,8344,18898684661,19163035198,560651569,134346664,426304905,2854320,563505889,299155352,248455958,50699394,43867571,204588387,687,5724,789,255,264350537,1.5103273329335332,0.9949347113211802,0.7603740514993547,0.8305248638841,1.6039,6.114,1.72,3.278,3.811,4.519,5.5585,5.0,5.0,5.0001,True,0
2014-02-26,8402,19163035198,19559016661,677828663,202317738,475510925,2972482,680801145,284819682,231132694,53686988,44707073,186425621,683,5950,776,282,395981463,1.5511540678640672,0.9956338469436622,0.7015208281329348,0.8115053439319548,1.596,6.093,1.75,3.072,3.822,4.4435,5.5415,5.0,5.0,5.0001,True,0
2014-02-27,8440,19559016661,19739139913,669926875,141301002,528625873,2982413,672909288,492786036,431734641,61051395,33471939,398262702,648,6011,790,276,180123252,1.524827680088247,0.995567882546451,0.7890799618988267,0.8761097301060699,1.5792,6.062,1.75,3.43,3.761,4.368,5.536,5.0,5.0,5.0001,True,0
2014-02-28,8454,19739139913,19845831463,425722217,86054744,339667473,2999537,428721754,322030204,273905633,48124571,40145953,233759680,601,6087,833,304,106691550,1.5195884994079885,0.9930035344089397,0.7978617498367486,0.8505588283265504,1.572,6.031,1.8458,3.529,3.753,4.316,5.529,5.0,5.0,5.0001,True,0
2014-03-01,8491,19845831463,19997418032,359812461,103652657,256159804,3053119,362865580,211279011,171742001,39537010,46757660,124984341,526,6131,898,289,151586569,1.5384182848131849,0.9915860881596982,0.7119258829671271,0.8128682550487706,1.5698,6.001,1.8458,3.529,3.753,4.316,5.529,5.0,5.0,5.0001,False,1
2014-03-02,8532,19997418032,20027420845,273172567,90720059,182452508,3029663,276202230,246199417,200166218,46033199,38505331,161660887,497,6101,761,252,30002813,1.5150270875729623,0.9890309973239535,0.6679020152122376,0.8130247440837766,1.5695,5.971,1.8458,3.529,3.753,4.316,5.529,5.0,5.0,5.0001,False,2
2014-03-03,8595,20027420845,20019709347,502322723,139970256,362352467,2983139,505305862,513017360,467804043,45213317,65897484,401906559,648,6059,853,316,-7711498,1.489527295145827,0.9940963696953905,0.7213539233024105,0.9118678615476092,1.5559,5.928,2.085,2.821,3.734,4.262,5.519,5.0,5.0,5.0001,True,0
2014-03-04,8638,20019709347,20293292709,521192622,206653555,314539067,2953718,524146340,250562978,206271476,44291502,42801499,163469977,651,6106,842,305,273583362,1.4754050365084952,0.9943647073830564,0.6034986945766857,0.8232320578501425,1.5429,5.895,2.083,3.5135,3.8,4.365,5.515,5.0,5.0,5.0001,True,0
2014-03-05,8682,20293292709,20538515447,451245946,91287267,359958679,3049545,454295491,209072753,161040367,48032386,44777164,116263203,607,6258,798,258,245222738,1.5027354327016327,0.993287309558615,0.7976995299144471,0.7702599439153126,1.5411,5.864,2.09,3.798,3.8,4.45,5.5105,5.0,5.0,5.0001,True,0
2014-03-06,8748,20538515447,20857153333,558722119,240492858,318229261,3065651,561787770,243149884,212586386,30563498,34572653,178013733,637,6295,793,287,318637886,1.4926351458609393,0.9945430442531705,0.5695662480117419,0.8743018195311991,1.5259,5.835,2.0547,2.486,3.762,4.64,5.5067,5.0,5.0,5.0001,True,0
2014-03-07,8789,20857153333,20946205892,377058943,95021643,282037300,3080836,380139779,291087220,248457274,42629946,37427390,211029884,598,6323,806,291,89052559,1.4771124087799312,0.9918955179905021,0.7479926023131084,0.8535492351742546,1.517,5.805,1.9948,2.403,3.052,4.586,5.504,5.0,5.0,5.0001,True,0
2014-03-08,8823,20946205892,21049156859,240156774,54611908,185544866,3117395,243274169,140323202,97033155,43290047,21505157,75527998,534,6369,926,249,102950967,1.4882862395574126,0.9871856719814753,0.7725989273989832,0.6914975828444964,1.5148,5.774,1.9948,2.403,3.052,4.586,5.504,5.0,5.0,5.0001,False,1
2014-03-09,8858,21049156859,21087596875,241650547,68363391,173287156,3101972,244752519,206312503,174419711,31892792,26451130,147968581,503,6326,758,235,38440016,1.4736799296897671,0.9873260875406966,0.7170981326187521,0.845415127361428,1.5145,5.744,1.9948,2.403,3.052,4.586,5.504,5.0,5.0,5.0001,False,2
2014-03-10,8887,21087596875,21276894327,494278563,146463415,347815148,3059513,497338076,308040624,254138174,53902450,66525423,187612751,684,6290,808,305,189297452,1.4508590135403943,0.9938482228736494,0.7036824455605614,0.8250151252777621,1.5048,5.716,1.919,2.358,2.625,4.574,5.502,5.0,5.0,5.0,True,0
2014-03-11,8940,21276894327,21211355257,427448087,194534475,232913612,3052729,430500816,496039886,448794933,47244953,27674624,421120309,607,6321,788,272,-65539070,1.434762495448474,0.9929088891668907,0.5448933311052577,0.9047557377271069,1.4965,5.69,1.873,2.258,2.295,4.293,5.5002,5.0,5.0,5.0,True,0
2014-03-12,8990,21211355257,21171871886,373891397,132571107,241320290,3116500,377007897,416491268,381702589,34788679,65733259,315969330,609,6485,753,293,-39483371,1.4692601968332588,0.991733594906634,0.6454288382570086,0.9164720087240821,1.4997,5.668,1.9,2.211,2.208,3.872,5.5,5.0,5.0,5.0,True,0
2014-03-13,9019,21171871886,21201185254,343188988,102654466,240534522,3097922,346286910,316973542,269086937,47886605,55076814,214010123,587,6516,772,284,29313368,1.4632253665055073,0.9910538865012253,0.7008806529654733,0.8489255453377872,1.4878,5.647,1.96,2.5,2.277,3.83,5.5,5.0,5.0,5.0,True,0
2014-03-14,9063,21201185254,21205507113,312802600,77247724,235554876,3094831,315897431,311575572,267203694,44371878,33333597,233870097,587,6553,725,308,4321859,1.4597443317071637,0.990203051065648,0.7530464132970762,0.8575887136620582,1.4831,5.628,1.8765,2.527,2.608,3.868,5.5,5.0,5.0,5.0,True,0
2014-03-15,9092,21205507113,21250115067,284310353,62427388,221882965,3096649,287407002,242799048,208504639,34294409,17959278,190545361,498,6576,746,274,44607954,1.460304148115187,0.9892255617349225,0.780425203158184,0.858753939595348,1.4818,5.61,1.8765,2.527,2.608,3.868,5.5,5.0,5.0,5.0,False,1
2014-03-16,9111,21250115067,21128917911,266319616,71014819,195304797,3067775,269387391,390584547,370983569,19600978,25259589,345723980,494,6545,697,260,-121197156,1.4436510062781018,0.9886120319566107,0.733347396385552,0.9498162993120155,1.4816,5.592,1.8765,2.527,2.608,3.868,5.5,5.0,5.0,5.0,False,2
2014-03-17,9167,21128917911,21027301401,336026313,70763233,265263080,2981769,339008082,440624592,390373974,50250618,54475186,335898788,618,6510,893,322,-101616510,1.4112265533710322,0.9912044309315315,0.7894116315825541,0.8859559386553713,1.4628,5.568,1.869,2.671,2.7,3.938,5.5,5.0,5.0,5.0,True,0
2014-03-18,9178,21027301401,21052539792,432490715,149391004,283099711,2988402,435479117,410240726,355598488,54642238,31133912,324464576,611,6535,883,295,25238391,1.421200915424116,0.9931376686427882,0.6545798584369609,0.8668044527592806,1.4726,5.555,2.05,2.88,2.88,4.022,5.5,5.0,5.0,5.0,True,0
2014-03-19,9245,21052539792,20982254939,355963833,76164526,279799307,3050231,359014064,429298917,399134290,30164627,51068160,348066130,579,6645,854,301,-70284853,1.4488660418820787,0.9915038676590675,0.7860329647590911,0.9297351430308872,1.4786,5.544,2.8025,3.422,3.8,4.412,5.5,5.0,5.0,5.0,True,0
2014-03-20,9313,20982254939,21011190054,361964978,159168755,202796223,3046517,365011495,336076380,300022095,36054285,26850670,273171425,597,6666,840,286,28935115,1.4519492823135027,0.9916536409353355,0.5602647640678652,0.892719967407409,1.4772,5.538,3.011,3.474,3.641,4.619,5.5,5.0,5.0,5.0,True,0
2014-03-21,9341,21011190054,21033886586,279298412,81707625,197590787,3053406,282351818,259655286,219660501,39994785,49883826,169776675,555,6692,826,302,22696532,1.453228490224764,0.9891858107320562,0.707454029491582,0.8459696869025035,1.4787,5.535,2.5,3.6,3.78,4.895,5.5,5.0,5.0,5.0,True,0
2014-03-22,9352,21033886586,21087547309,188663159,104204913,84458246,3036976,191700135,138039412,104839166,33200246,21342777,83496389,462,6718,738,233,53660723,1.443849184782326,0.9841576741716953,0.44766687066869265,0.7594871963088339,1.4638,5.526,2.5,3.6,3.78,4.895,5.5,5.0,5.0,5.0,False,1
2014-03-23,9394,21087547309,21068560367,164431433,61783931,102647502,3024936,167456369,186443311,155630644,30812667,23200850,132429794,443,6683,752,265,-18986942,1.4344655429458035,0.981935975215132,0.6242571759378878,0.8347343928042557,1.4636,5.516,2.5,3.6,3.78,4.895,5.5,5.0,5.0,5.0,False,2
2014-03-24,9469,21068560367,20943915442,310195156,121357732,188837424,2985178,313180334,437825259,399577670,38247589,35544574,364033096,593,6652,897,307,-124644925,1.4168875082113959,0.9904681818239583,0.6087697384932729,0.9126418857437368,1.4542,5.511,2.5,3.578,3.823,5.148,5.5,5.0,5.0,5.0,True,0
2014-03-25,9493,20943915442,20945549933,311396094,94883459,216512635,2948912,314345006,312710515,265529348,47181167,43213212,222316136,611,6657,859,312,1634491,1.4080041567043298,0.9906188679835429,0.6952965665651542,0.8491219043273937,1.446,5.496,2.5,3.6295,4.064,5.125,5.5,5.0,5.0,5.0,True,0
2014-03-26,9512,20945549933,20768231244,269973892,118271061,151702831,2961652,272935544,450254233,411580208,38674025,51808075,359772133,581,6790,882,326,-177318689,1.4139767203409048,0.989148895901957,0.5619166722980754,0.9141062489466923,1.4345,5.472,2.52,3.868,4.53,4.835,5.5,5.0,5.0,5.0,True,0
2014-03-27,9553,20768231244,20675390684,263304080,106411792,156892288,2927002,266231082,359071642,322077786,36993856,33134383,288943403,543,6807,871,306,-92840560,1.4093650853611421,0.9890057840804628,0.5958596919576787,0.8969736072892105,1.4273,5.445,2.658,4.812,5.161,4.938,5.5,5.0,5.0,5.0,True,0
2014-03-28,9579,20675390684,20495913093,223056705,69697401,153359304,2909650,225966355,405443946,367464004,37979942,35799401,331664603,540,6810,895,323,-179477591,1.4073010974596392,0.9871235255354719,0.6875350552676729,0.9063250484445512,1.4255,5.415,2.75,4.168,5.46,4.769,5.5,5.0,5.0,5.0,True,0
2014-03-29,9637,20495913093,20501158022,157359026,54547795,102811231,2891959,160250985,155006056,123486346,31519710,32626204,90860142,461,6828,790,240,5244929,1.4109930047408794,0.9819535649032048,0.6533545206361407,0.796654977144893,1.4259,5.395,2.75,4.168,5.46,4.769,5.5,5.0,5.0,5.0,False,1
2014-03-30,9674,20501158022,20441977145,202657833,64340475,138317358,2876101,205533934,264714811,229991463,34723348,45887646,184103817,472,6792,780,257,-59180877,1.4028968494919296,0.9860066853972639,0.682516712788496,0.8688273320679438,1.4257,5.374,2.75,4.168,5.46,4.769,5.5,5.0,5.0,5.0,False,2
2014-03-31,9738,20441977145,20417009416,396026448,154073551,241952897,2858457,398884905,423852634,375507534,48345100,56545010,318962524,681,6766,1005,364,-24967729,1.3983270696979344,0.9928338802392134,0.6109513599960374,0.8859388945073773,1.431,5.361,2.8,4.184,5.467,4.617,5.5,5.0,5.0,5.0,True,0
2014-04-01,9798,20417009416,20592900643,450478122,146539591,303938531,2842463,453320585,277429358,227888819,49540539,37116613,190772206,723,6765,1008,300,175891227,1.3922034035858721,0.9937296846998466,0.6747020913037814,0.821430077346032,1.4368,5.356,2.866,4.205,4.503,4.6,5.5,5.0,5.0,5.0,True,0
2014-04-02,9812,20592900643,20675635695,352449616,141024158,211425458,2897502,355347118,272612066,221571114,51040952,28301147,193269967,655,6883,963,294,82735052,1.4070392754431744,0.9918459954978445,0.5998742753630919,0.812770752414165,1.437,5.357,2.95,4.225,4.504,4.6,5.5,5.0,5.0,5.0,True,0
2014-04-03,9873,20675635695,20772907358,360958034,165866758,195091276,2919086,363877120,266605457,220843417,45762040,46915541,173927876,638,6909,947,311,97271663,1.4118482464391284,0.991977824821742,0.5404818777354046,0.8283529507799985,1.4364,5.362,2.95,4.103,4.457,4.6,5.5,5.0,5.0,5.0,True,0
2014-04-04,9858,20772907358,20824610615,248968008,62838487,186129521,2927886,251895894,200192637,162321448,37871189,35154471,127166977,578,6937,893,336,51703257,1.4094733825847547,0.9883766029151709,0.7476041700908014,0.8108262643046158,1.4338,5.367,2.763,2.997,4.278,4.597,5.5,5.0,5.0,5.0,True,0
2014-04-05,9864,20824610615,20863747475,199391149,68763348,130627801,2945393,202336542,163199682,119309956,43889726,23061774,96248182,460,6959,712,212,39136860,1.4143808277876893,0.985443099052271,0.6551333981229026,0.7310673313689422,1.4318,5.37,2.763,2.997,4.278,4.597,5.5,5.0,5.0,5.0,False,1
2014-04-06,9885,20863747475,20853648046,126550557,36688261,89862296,2926697,129477254,139576683,110018776,29557907,41472248,68546528,408,6916,694,215,-10099429,1.4027666906469782,0.977396052900535,0.7100900867627157,0.7882317707750657,1.4314,5.373,2.763,2.997,4.278,4.597,5.5,5.0,5.0,5.0,False,2
2014-04-07,9922,20853648046,20873617708,194021386,64582752,129438634,2914837,196936223,176966561,136846798,40119763,35095605,101751193,493,6886,797,257,19969662,1.3977587967200318,0.98519908143054,0.6671359104712302,0.7732918424063177,1.4312,5.373,2.763,2.997,4.278,4.597,5.5,5.0,5.0,5.0,False,3
2014-04-08,9951,20873617708,20978372726,351854096,104834487,247019609,2916053,354770149,250015131,205444733,44570398,31814997,173629736,685,6894,993,317,104755018,1.3970041229999133,0.9917804443011354,0.7020512530853129,0.8217291976620407,1.4263,5.368,2.713,3.591,4.21,4.437,5.5,5.0,5.0,5.0,True,0
2014-04-09,10001,20978372726,21072390013,380410136,150308931,230101205,2937429,383347565,289330278,239022276,50308002,37522743,201499533,640,6969,899,288,94017287,1.400217756813632,0.9923374262205109,0.6048766403006675,0.8261225809211713,1.4239,5.36,2.74,3.67,4.182,4.401,5.5,5.0,5.0,5.0,True,0
2014-04-10,10042,21072390013,21172042609,383627601,164835943,218791658,2939859,386567460,286914864,233760242,53154622,44846276,188913966,710,6995,871,278,99652596,1.3951236657001598,0.9923949651633895,0.5703230357504959,0.814737301306216,1.4202,5.351,2.74,3.708,3.715,4.375,5.5,5.0,5.0,5.0,True,0
2014-04-11,10074,21172042609,21132795057,234895147,71143892,163751255,2934735,237829882,277077434,192871738,84205696,31674982,161196756,618,7006,882,302,-39247552,1.3861369232047913,0.9876603605261007,0.697124896326615,0.6960932733338363,1.4106,5.339,2.75,3.701,3.703,4.209,5.5,5.0,5.0,5.0,True,0
2014-04-12,10066,21132795057,21187141790,174695525,63462337,111233188,2946528,177642053,123295320,84007460,39287860,23075537,60931923,470,7034,728,226,54346733,1.3942916647100099,0.983413116712854,0.6367260294732793,0.6813515711707467,1.4099,5.327,2.75,3.701,3.703,4.209,5.5,5.0,5.0,5.0,False,1
2014-04-13,10138,21187141790,21216380053,205239452,95888440,109351012,2933533,208172985,178934722,128346734,50587988,16961535,111385199,493,6999,844,251,29238263,1.3845817567448298,0.9859081955326721,0.5327972323761613,0.7172824400174271,1.4097,5.315,2.75,3.701,3.703,4.209,5.5,5.0,5.0,5.0,False,2
2014-04-14,10165,21216380053,21110246338,306943182,110231602,196711580,2910087,309853269,415986984,375036315,40950669,48560908,326475407,619,6967,896,288,-106133715,1.3716227710525544,0.9906081771885389,0.6408729417550639,0.9015578117223014,1.4048,5.3,2.639,3.57,3.7,4.165,5.5,5.0,5.0,5.0,True,0
2014-04-15,10181,21110246338,21253634493,425805725,166536898,259268827,2875506,428681231,285293076,249794062,35499014,25902576,223891486,727,6970,926,286,143388155,1.3621375866296155,0.9932922045751986,0.6088899509277382,0.8755700120811905,1.4022,5.287,2.449,3.444,3.388,4.102,5.5,5.0,5.0,5.0,True,0
2014-04-16,10206,21253634493,21385567691,384939019,153844890,231094129,2908819,387847838,255914640,211991222,43923418,34265047,177726175,654,7064,889,295,131933198,1.3686219177985937,0.9925001025788882,0.6003395800205954,0.8283669195322315,1.3958,5.272,2.298,2.726,3.003,4.085,5.5,5.0,5.0,5.0,True,0
2014-04-17,10215,21385567691,21476018746,352880124,159555287,193324837,2912523,355792647,265341592,226714187,38627405,43037306,183676881,578,7094,855,265,90451055,1.361910538024071,0.9918139876566926,0.547848472757848,0.854423859038277,1.3866,5.253,2.181,2.721,2.764,4.06,5.5,5.0,5.0,5.0,True,0
2014-04-18,10251,21476018746,21489366220,236377510,73108437,163269073,2922873,239300383,225952909,193932496,32020413,42736396,151196100,597,7102,837,272,13347474,1.360993876271596,0.98778575711682,0.6907132281747108,0.858287228335706,1.3841,5.239,2.0,2.761,2.782,3.93,5.5,5.0,5.0,5.0,True,0
2014-04-19,10263,21489366220,21611720646,265789873,146828058,118961815,2939493,268729366,146374940,113113255,33261685,27904791,85208464,489,7126,828,232,122354426,1.3678825936077328,0.989061511796221,0.4475784335093911,0.7727638009621046,1.3835,5.224,2.0,2.761,2.782,3.93,5.5,5.0,5.0,5.0,False,1
2014-04-20,10280,21611720646,21641922394,188336377,71649902,116686475,2923152,191259529,161057781,125618926,35438855,40827019,84791907,481,7084,835,261,30201748,1.3525771723044324,0.9847163066055653,0.6195641907245566,0.7799618572914524,1.383,5.21,2.0,2.761,2.782,3.93,5.5,5.0,5.0,5.0,False,2
2014-04-21,10318,21641922394,21647421805,298219498,109912061,188307437,2915169,301134667,295635256,230295058,65340198,40422597,189872461,615,7065,975,311,5499411,1.3470009488658923,0.9903193842507678,0.63143905164779,0.7789837420473288,1.3866,5.2,1.98,2.713,2.994,3.767,5.5,5.0,5.0,5.0,True,0
2014-04-22,10304,21647421805,21663860421,282350142,94938709,187411433,2898615,285248757,268810141,222199830,46610311,46793868,175405962,597,7064,871,256,16438616,1.3390116504915583,0.9898382905135674,0.6637554055134848,0.8266050870454326,1.3813,5.188,1.9262,3.029,3.311,3.808,5.5,5.0,5.0,5.0,True,0
2014-04-23,10330,21663860421,21699066792,310757394,101574511,209182883,2919913,313677307,278470936,230510007,47960929,59708761,170801246,590,7156,936,280,35206371,1.3478267230569692,0.9906913476530197,0.6731388763029722,0.8277704320281382,1.3654,5.171,1.963,3.08,3.715,3.9511,5.5,5.0,5.0,5.0,True,0
2014-04-24,10373,21699066792,21792888929,315468612,141918866,173549746,2890279,318358891,224536754,181514615,43022139,33308384,148206231,545,7151,940,285,93822137,1.3319830883536368,0.9909213184185894,0.5501331650706347,0.8083960054040863,1.3515,5.152,2.303,3.521,4.147,4.32,5.5,5.0,5.0,5.0,True,0
2014-04-25,10409,21792888929,21786052069,218042417,83493221,134549196,2885015,220927432,227764292,186711140,41053152,30947018,155764122,525,7159,949,350,-6836860,1.3238332051336634,0.9869413455183782,0.617078079812333,0.8197559782549233,1.344,5.13,2.31,3.503,4.329,4.286,5.49,5.0,5.0,5.0,True,0
2014-04-26,10421,21786052069,21779554522,148727987,56777731,91950256,2897428,151625415,158122962,123136124,34986838,19403230,103732894,478,7172,819,270,-6497547,1.3299463302590897,0.9808908816506784,0.6182444733821348,0.7787365126641126,1.3441,5.109,2.31,3.503,4.329,4.286,5.49,5.0,5.0,5.0,False,1
2014-04-27,10446,21779554522,21734477096,143955720,61671443,82284277,2882231,146837951,191915377,163600226,28315151,56209644,107390582,468,7131,842,239,-45077426,1.3233654513404285,0.9803713482763049,0.571594355542107,0.8524602278221822,1.3439,5.087,2.31,3.503,4.329,4.286,5.49,5.0,5.0,5.0,False,2
2014-04-28,10484,21734477096,21731689633,322059893,125000679,197059214,2877379,324937272,327724735,274496530,53228205,58440825,216055705,585,7091,999,347,-2787463,1.3238777207709087,0.9911448170217912,0.6118713266789789,0.8375825828343412,1.3506,5.067,2.406,4.025,4.543,4.6,5.4982,5.0,5.0,5.0,True,0
2014-04-29,10457,21731689633,21754718388,327753580,127521090,200232490,2853524,330607104,307578349,259302891,48275458,68367067,190935824,595,7098,961,326,23028755,1.3130704736675731,0.9913688364058868,0.6109238837299656,0.8430466313479041,1.346,5.048,2.604,4.0738,4.885,4.593,5.5,5.0,5.0,5.0,True,0
2014-04-30,10492,21754718388,21732973743,257193410,79931074,177262336,2897920,260091330,281835975,220521407,61314568,48418212,172103195,566,7208,957,335,-21744645,1.3320880318076218,0.9888580676641547,0.6892180324526977,0.7824459137979103,1.3511,5.04,2.5,4.134,4.176,4.604,5.495,5.0,5.0,5.0,True,0
2014-05-01,10513,21732973743,21782656094,190175350,58404844,131770506,2869756,193045106,143362755,96881206,46481549,18924739,77956467,479,7183,822,228,49682351,1.320461725089197,0.9851342721943959,0.6928895148608902,0.6757766757481746,1.3364,5.032,2.5,4.134,4.176,4.604,5.495,5.0,5.0,5.0,False,1
2014-05-02,10516,21782656094,21786770288,122453074,33113882,89339192,2883184,125336258,121222064,97050808,24171256,24940239,72110569,426,7204,805,216,4114194,1.3236145250414015,0.9769964091316656,0.7295790059137266,0.8006034940965863,1.3362,5.028,2.5,4.134,4.176,4.604,5.495,5.0,5.0,5.0,False,2
2014-05-03,10526,21786770288,21772296733,182203439,54073496,128129943,2891049,185094488,199568043,158061558,41506485,44076367,113985191,447,7213,780,195,-14473555,1.3269745638215908,0.9843806856096114,0.7032246136693392,0.7920183794155861,1.3361,5.023,2.5,4.134,4.176,4.604,5.495,5.0,5.0,5.0,False,3
2014-05-04,10555,21772296733,21662162261,300180905,88981143,211199762,2906657,303087562,413222034,347249412,65972622,53215849,294033563,590,7177,956,294,-110134472,1.3350254388157479,0.9904098440040902,0.7035749392520487,0.8403458272508285,1.3543,5.029,2.4,3.683,3.708,4.5,5.482,5.0,5.0,5.0,True,0
2014-05-05,10612,21662162261,21723755629,368099706,102948704,265151002,2824443,370924149,309330781,243286925,66043856,50320676,192966249,692,7142,964,274,61593368,1.3038601437701605,0.992385389283457,0.7203238624700232,0.7864943935210896,1.3378,5.022,2.37,3.14,3.158,4.058,5.4655,5.0,5.0,5.0,True,0
2014-05-06,10624,21723755629,21700649661,315096777,81567892,233528885,2905951,318002728,341108696,279981825,61126871,43725251,236256574,619,7164,973,298,-23105968,1.337683524721995,0.9908618677007073,0.741133842190966,0.8207994351454471,1.3831,5.042,2.37,3.092,3.158,3.941,5.4474,5.0,5.0,5.0,True,0
2014-05-07,10656,21700649661,21878604180,414463880,164553784,249910096,2863638,417327518,239372999,198722785,40650214,50672610,148050175,655,7221,910,262,177954519,1.3196093410726206,0.9931381519873799,0.6029719549988288,0.8301804540619888,1.3393,5.036,2.37,3.1125,3.092,3.882,5.4167,5.0,5.0,5.0,True,0
2014-05-08,10671,21878604180,21998255437,390000657,156177372,233823285,2838099,392838756,273187499,225245563,47941936,31709467,193536096,609,7218,918,255,119651257,1.2972029552938327,0.9927754098681648,0.5995458746111805,0.8245090416820281,1.3221,5.028,2.23,3.204,3.106,3.79,5.3992,5.0,5.0,5.0,True,0
2014-05-09,10715,21998255437,22031990475,278616335,127662531,150953804,2862674,281479009,247743971,199424199,48319772,25566249,173857950,604,7243,922,284,33735038,1.3013186469255742,0.9898298846149484,0.5417981110116893,0.8049608561412782,1.3244,5.022,2.2205,3.194,3.121,3.773,5.3909,5.0,5.0,5.0,True,0
2014-05-10,10705,22031990475,22171982318,284388148,79585779,204802369,2852023,287240171,147248328,109207583,38040745,28255521,80952062,488,7257,835,257,139991843,1.294491754268063,0.9900709465877598,0.7201508587481641,0.7416558441329126,1.3117,5.008,2.2205,3.194,3.121,3.773,5.3909,5.0,5.0,5.0,False,1
2014-05-11,10753,22171982318,22201460800,179585742,55148430,124437312,2838321,182424063,152945581,114544608,38400973,22454098,92090510,486,7230,872,240,29478482,1.2801385817883097,0.9844410822052571,0.6929130932900007,0.7489239457006607,1.3115,4.985,2.2205,3.194,3.121,3.773,5.3909,5.0,5.0,5.0,False,2
2014-05-12,10767,22201460800,22232616489,322293245,95909491,226383754,2815352,325108597,293952908,245859652,48093256,34572657,211286995,688,7185,924,302,31155689,1.2680931337635224,0.9913402720629994,0.7024154477702441,0.8363912902674874,1.3083,4.969,2.2135,3.18,3.198,3.66,5.3764,5.0,5.0,5.0,True,0
2014-05-13,10788,22232616489,22249939607,272439137,91142159,181296978,2802356,275241493,257918375,196462233,61456142,20219614,176242619,598,7181,896,263,17323118,1.2604706249426458,0.9898185554457808,0.6654586415020101,0.7617225139542695,1.3022,4.924,2.35,3.181,3.2498,3.617,5.3414,5.0,5.0,5.0,True,0
2014-05-14,10790,22249939607,22239188687,302621995,100837254,201784741,2852527,305474522,316225442,270907405,45318037,25171614,245735791,627,7298,884,276,-10750920,1.282038086567468,0.9906619806413839,0.6667880865698477,0.8566907307856653,1.2986,4.902,2.3666,3.236,3.233,3.5675,5.3198,5.0,5.0,5.0,True,0
2014-05-15,10824,22239188687,22314248133,310522196,93964517,216557679,2844893,313367089,238307643,200428346,37879297,39601697,160826649,707,7308,933,314,75059446,1.279225173202021,0.9909215322863723,0.6973983882298707,0.8410487531027278,1.2971,4.888,2.35,3.1355,3.202,3.651,5.2665,5.0,5.0,5.0,True,0
2014-05-16,10849,22314248133,22264120640,229109632,72479256,156630376,2857791,231967423,282094916,244543496,37551420,40061114,204482382,598,7319,930,303,-50127493,1.2807023489954306,0.9876802054226381,0.6836481497207415,0.8668837406484844,1.2986,4.874,2.37,3.129,3.127,3.69,5.2418,5.0,5.0,5.01,True,0
2014-05-17,10868,22264120640,22289250136,168161205,50405690,117755515,2822663,170983868,145854372,112909922,32944450,36624963,76284959,486,7337,791,260,25129496,1.2678079883059779,0.9834916414453789,0.7002537535337,0.7741277854872941,1.2818,4.858,2.37,3.129,3.127,3.69,5.2418,5.0,5.0,5.01,False,1
2014-05-18,10874,22289250136,22300229759,161609998,51132867,110477131,2809644,164419642,153440019,113377742,40062277,26863477,86514265,460,7300,784,249,10979623,1.2605376954615735,0.9829117496801264,0.6836033188986241,0.7389059434357864,1.2816,4.842,2.37,3.129,3.127,3.69,5.2418,5.0,5.0,5.01,False,2
2014-05-19,10914,22300229759,22265516283,256179008,71313677,184865331,2898922,259077930,293791406,242399798,51391608,60660169,181739629,627,7298,991,286,-34713476,1.2999516288974753,0.9888106177164531,0.7216256025161906,0.8250745020090887,1.3283,4.853,2.396,3.1,3.1318,3.736,5.2142,5.0,5.0,5.011,True,0
2014-05-20,10930,22265516283,22459430866,451059660,243711613,207348047,2895643,453955303,260040720,212503960,47536760,22815508,189688452,662,7312,1012,300,193914583,1.3005056622966609,0.9936213037255784,0.4596909575110308,0.8171949377774373,1.3308,4.868,2.427,3.361,3.579,4.095,5.1772,5.0,5.0,5.003,True,0
2014-05-21,10971,22459430866,22507006862,294888620,130386891,164501729,2911102,297799722,250223726,204767843,45455883,29873517,174894326,609,7386,970,294,47575996,1.2961601820493789,0.9902246315730274,0.5578435987119476,0.818339037122323,1.323,4.882,2.528,3.353,3.925,4.2,5.1215,5.0,5.0,5.0026,True,0
2014-05-22,10999,22507006862,22600534926,341774952,167436704,174338248,2861597,344636549,251108485,205546153,45562332,29111692,176434461,606,7378,941,278,93528064,1.2714249467046703,0.9916967686442334,0.510096620538769,0.818555187412325,1.2887,4.877,2.51,3.419,3.919,4.203,5.0935,5.0,5.0,5.0014,True,0
2014-05-23,11029,22600534926,22621080334,246693653,114513174,132180479,2852542,249546195,229000787,168816329,60184458,29314656,139501673,567,7397,941,289,20545408,1.2621568513046089,0.9885690823696991,0.5358081871688851,0.7371866761313794,1.281,4.867,2.53,3.405,3.908,4.0685,5.0675,5.0,5.0,5.0013,True,0
2014-05-24,11039,22621080334,22626743720,157281426,57666965,99614461,2791828,160073254,154409868,123629756,30780112,24105065,99524691,481,7393,841,247,5663386,1.234170940900563,0.982559060116314,0.6333517156692107,0.8006596832269813,1.2488,4.849,2.53,3.405,3.908,4.0685,5.0675,5.0,5.0,5.0013,False,1
2014-05-25,11053,22626743720,22562682488,164165899,67087564,97078335,2777627,166943526,231004758,185318885,45685873,32503867,152815018,476,7352,890,266,-64061232,1.2275858313385273,0.9833618765186498,0.5913428768784679,0.8022297315624988,1.2486,4.831,2.53,3.405,3.908,4.0685,5.0675,5.0,5.0,5.0013,False,2
2014-05-26,11082,22562682488,22632865784,342134083,145189089,196944994,2756785,344890868,274707572,220278168,54429404,32625021,187653147,572,7321,1025,294,70183296,1.2218338849851744,0.9920067903914463,0.5756368739211521,0.8018642019812982,1.249,4.788,2.5025,3.195,3.822,4.1,5.0413,5.0,5.0,5.0012,True,0
2014-05-27,11084,22632865784,22609949494,296280007,95780761,200499246,2769548,299049555,321965845,267912131,54053714,39321226,228590905,575,7323,945,277,-22916290,1.2236841884857086,0.9907388325657265,0.6767221589811829,0.832113515022067,1.2548,4.746,2.541,3.247,3.39,4.0,5.0197,5.0,5.0,5.0002,True,0
2014-05-28,11081,22609949494,22470192623,273325022,78926517,194398505,2809791,276134813,415891684,341598275,74293409,45105847,296492428,587,7425,1010,285,-139756871,1.242723253647972,0.9898245680453193,0.7112356694514416,0.8213635620567012,1.2597,4.712,2.51,3.2,3.33,3.94,4.9768,5.0,5.0,5.0001,True,0
2014-05-29,11093,22470192623,22476914686,317800649,135204257,182596392,2749214,320549863,313827800,259024063,54803737,44776734,214247329,591,7398,913,287,6722063,1.2234937395178198,0.9914234435345867,0.5745626781271929,0.8253700373262025,1.2381,4.684,2.51,3.215,3.349,3.877,4.9418,4.999,5.0,5.0001,True,0
2014-05-30,11100,22476914686,22390660208,223709770,95966704,127743066,2837931,226547701,312802179,260394655,52407524,39094557,221300098,554,7426,964,343,-86254478,1.262598109947731,0.9874731414731946,0.5710213997359168,0.8324579318227832,1.279,4.683,2.57,3.23,3.324,3.861,4.925,4.9998,5.0,5.0,True,0
2014-05-31,11110,22390660208,22394621814,144080973,52834335,91246638,2742696,146823669,142862063,119304120,23557943,41776332,77527788,482,7387,788,244,3961606,1.224928597246122,0.9813197966058184,0.6333010952112323,0.8351000783182027,1.2376,4.677,2.57,3.23,3.324,3.861,4.925,4.9998,5.0,5.0,False,1
2014-06-01,11116,22394621814,22428282336,180762669,55046557,125716112,2727106,183489775,149829253,116003716,33825537,32936169,83067547,449,7364,845,235,33660522,1.2177504146531957,0.985137558754977,0.6954760775301453,0.7742394337372822,1.2364,4.67,2.57,3.23,3.324,3.861,4.925,4.9998,5.0,5.0,False,2
2014-06-02,11141,22428282336,22416092232,155516287,48900709,106615578,2703115,158219402,170409506,131741113,38668393,42274603,89466510,445,7326,791,217,-12190104,1.2052260442883698,0.982915401235052,0.6855589215552709,0.7730854697742038,1.2305,4.66,2.57,3.23,3.324,3.861,4.925,4.9998,5.0,5.0,False,3
2014-06-03,11180,22416092232,22301357112,268143582,83629149,184514433,2743880,270887462,385622582,330157767,55464815,42540883,287616884,633,7335,1049,334,-114735120,1.2240670548647126,0.989870775192984,0.6881180284971355,0.8561681354024023,1.2473,4.656,2.521,3.18,3.38,3.716,4.883,4.9958,4.998,5.0,True,0
2014-06-04,11178,22301357112,22271839018,271682147,71225908,200456239,2778597,274460744,303978838,249718238,54260600,28188601,221529637,608,7400,962,267,-29518094,1.2459317995965733,0.9898761587558765,0.7378336825349072,0.8214987584102812,1.2611,4.657,2.561,3.152,3.334,3.931,4.855,4.9868,4.9967,5.0,True,0
2014-06-05,11221,22271839018,22296236140,377223821,128566594,248657227,2818746,380042567,355645445,266419097,89226348,62031088,204388009,685,7425,888,276,24397122,1.2656099021378082,0.9925830782002901,0.6591768948758938,0.7491143236770542,1.2818,4.681,2.576,3.07,3.448,3.878,4.8393,4.9733,4.9967,5.0,True,0
2014-06-06,11234,22296236140,22322787973,298679366,111954129,186725237,2734534,301413900,274862067,219180306,55681761,55267471,163912835,631,7409,978,288,26551833,1.2264554352715067,0.9909276446773025,0.6251695237628166,0.7974192597481995,1.2476,4.664,2.5808,3.15,3.442,3.984,4.8259,4.9609,4.9959,5.0,True,0
2014-06-07,11237,22322787973,22364386391,185054361,70098919,114955442,2747634,187801995,146203577,107884647,38318930,37280499,70604148,492,7416,819,248,41598418,1.2308650708519633,0.9853695164420379,0.6211982326641845,0.7379070280886493,1.2474,4.669,2.5808,3.15,3.442,3.984,4.8259,4.9609,4.9959,5.0,False,1
2014-06-08,11241,22364386391,22497032328,299436270,185513854,113922416,2734999,302171269,169525332,133084344,36440988,36849979,96234365,468,7394,807,224,132645937,1.2229260182611732,0.9909488449744043,0.3804563021039502,0.7850410462549633,1.2473,4.675,2.5808,3.15,3.442,3.984,4.8259,4.9609,4.9959,5.0,False,2
2014-06-09,11292,22497032328,22575626550,363337491,145389158,217948333,2776883,366114374,287520152,235097989,52422163,36264508,198833481,685,7379,961,315,78594222,1.2343330264693924,0.9924152581892346,0.5998509330819373,0.8176748216243291,1.2719,4.698,2.58,3.13,3.158,4.161,4.8181,4.9603,4.9938,5.0,True,0
2014-06-10,11299,22575626550,22631468122,351275811,104890851,246384960,2755786,354031597,298190025,229909444,68280581,43253854,186655590,731,7363,921,262,55841572,1.220690816220115,0.9922159885633033,0.701400302225763,0.7710165489271481,1.2628,4.706,2.57,3.13,3.132,4.159,4.8095,4.9615,4.9946,5.0,True,0
2014-06-11,11333,22631468122,22713002035,324824312,114930250,209894062,2837141,327661453,246127540,165209422,80918118,22604403,142605019,697,7436,914,272,81533913,1.2536265807881997,0.991341242694178,0.6461771925495527,0.6712350109215734,1.2723,4.712,2.592,3.15,3.223,4.381,4.7941,4.9606,4.9926,5.0,True,0
2014-06-12,11349,22713002035,22808899335,329539251,112210380,217328871,2825934,332365185,236467885,161220159,75247726,44402104,116818055,648,7444,911,269,95897300,1.244192201297445,0.9914975029649992,0.6594931266624746,0.6817845856742872,1.2625,4.702,2.597,3.154,3.25,4.719,4.7862,4.9601,4.9925,5.0,True,0
2014-06-13,11379,22808899335,22639024065,214045806,51040378,163005428,2877964,216923770,386799040,329831188,56967852,44823413,285007775,587,7474,953,323,-169875270,1.2617724151133398,0.9867328324599928,0.7615446013457512,0.8527197689011845,1.2801,4.719,2.6,3.04,3.259,4.814,4.7794,4.96,4.9935,5.0,True,0
2014-06-14,11390,22639024065,22590682404,178733395,59184032,119549363,2841135,181574530,229916191,200084212,29831979,36576832,163507380,533,7485,842,247,-48341661,1.2549723838990052,0.9843527889071226,0.6688697599013324,0.8702484637108484,1.2678,4.73,2.6,3.04,3.259,4.814,4.7794,4.96,4.9935,5.0,False,1
2014-06-15,11407,22590682404,22640138774,163263976,41933752,121330224,2816150,166080126,116623756,86429723,30194033,25396456,61033267,547,7455,863,257,49456370,1.2465980219797879,0.9830434256775552,0.7431536764730022,0.7410987775080747,1.2677,4.742,2.6,3.04,3.259,4.814,4.7794,4.96,4.9935,5.0,False,2
2014-06-16,11433,22640138774,22535097769,384522342,120664648,263857694,2786142,387308484,492349489,433704815,58644674,28981923,404722892,718,7427,1060,319,-105041005,1.2306205486689037,0.9928064008016927,0.6861960026239515,0.8808881184804073,1.2581,4.734,2.6,3.006,3.237,5.058,4.7777,4.951,4.9889,5.0,True,0
2014-06-17,11451,22535097769,22302888239,267626738,87121582,180505156,2723955,270350693,502560223,455800666,46759557,37324504,418476162,677,7421,1100,332,-232209530,1.2087611191761323,0.9899243646473657,0.6744660767041895,0.9069573060898614,1.2436,4.724,2.6,3.031,3.568,4.941,4.7825,4.9347,4.9867,5.0,True,0
2014-06-18,11487,22302888239,22216230718,332565225,131652090,200913135,2697484,335262709,421920230,378238152,43682078,57752818,320485334,683,7503,1104,330,-86657521,1.2094774322919477,0.9919541185834658,0.6041315203656666,0.896468396407539,1.2244,4.697,2.639,3.074,4.511,4.972,4.7767,4.9277,4.9842,5.0,True,0
2014-06-19,11497,22216230718,22269883545,335998519,177935245,158063274,2610568,338609087,284956260,239535843,45420417,47067117,192468726,620,7491,1077,317,53652827,1.175072420311547,0.992290319131335,0.4704284842398368,0.8406056529517899,1.193,4.66,2.698,3.093,4.03,5.233,4.7692,4.9216,4.9805,5.0,True,0
2014-06-20,11502,22269883545,22234883010,248879061,71879168,176999893,2703469,251582530,286583065,241700349,44882716,35442161,206258188,599,7541,1096,344,-35000535,1.2139574032963358,0.9892541465418923,0.7111883671081514,0.8433867123306815,1.2332,4.634,2.759,3.402,4.578,5.435,4.7751,4.9139,4.9796,5.0,True,0
2014-06-21,11528,22234883010,22181878421,175409451,55976436,119433015,2589735,177999186,231003775,176442002,54561773,24826865,151615137,545,7517,916,283,-53004589,1.1647171693394038,0.9854508604325865,0.6808812998337245,0.7638057083699173,1.1774,4.585,2.759,3.402,4.578,5.435,4.7751,4.9139,4.9796,5.0,False,1
2014-06-22,11541,22181878421,21967773588,144611888,41425751,103186137,2568931,147180819,361285652,312049330,49236322,31032946,281016384,508,7480,909,269,-214104833,1.158121486036072,0.9825457487092798,0.7135384125542984,0.8637191326933736,1.1773,4.535,2.759,3.402,4.578,5.435,4.7751,4.9139,4.9796,5.0,False,2
2014-06-23,11562,21967773588,21826221634,229685312,80147560,149537752,2542358,232227670,373779624,326035140,47744484,31937942,294097198,625,7453,1065,334,-141551954,1.1573125468612693,0.9890523037155736,0.6510549181307684,0.8722656856222852,1.1818,4.494,2.755,3.448,4.603,5.526,4.7761,4.9136,4.9777,5.0,True,0
2014-06-24,11577,21826221634,21643200891,242915326,78189756,164725570,2535440,245450766,428471509,347889025,80582484,41106958,306782067,581,7470,1032,280,-183020743,1.1616486089605151,0.9896702705747514,0.6781192965980253,0.8119303563775578,1.1875,4.463,2.971,3.483,4.697,5.638,4.7679,4.9081,4.9747,5.0,True,0
2014-06-25,11594,21643200891,21360568161,262227341,79464890,182762451,2435860,264663201,547295931,468199807,79096124,60137721,408062086,690,7523,1099,340,-282632730,1.1254619925525506,0.9907963782241114,0.6969618435020474,0.855478326222016,1.1376,4.416,2.995,3.464,5.06,5.492,4.7582,4.9059,4.9722,5.0,True,0
2014-06-26,11622,21360568161,21239454091,295269783,93994567,201275216,2358256,297628039,418742109,352449263,66292846,41056937,311392326,624,7487,1151,332,-121114070,1.1040230682186114,0.9920764992171991,0.6816654720134366,0.8416857426679293,1.1175,4.375,2.974,3.552,5.147,5.035,4.7478,4.9033,4.9677,5.0,True,0
2014-06-27,11616,21239454091,21104292442,261895380,122909502,138985878,2387323,264282703,399444352,354758499,44685853,49196393,305562106,584,7513,1042,324,-135161649,1.124003936151826,0.9909667830209834,0.5306923627289645,0.8881299665992023,1.1403,4.324,2.885,3.781,5.184,5.012,4.7482,4.901,4.9664,5.0,True,0
2014-06-28,11630,21104292442,20974718367,151482880,56997812,94485068,2343281,153826161,283400236,223543015,59857221,27109313,196433702,496,7508,954,283,-129574075,1.1103338367964415,0.984766693878553,0.6237342992158585,0.7887890926103533,1.1247,4.296,2.885,3.781,5.184,5.012,4.7482,4.901,4.9664,5.0,False,1
2014-06-29,11627,20974718367,20872349108,156485272,41574314,114910958,2316268,158801540,261170799,213065775,48105024,28779118,184286657,493,7464,973,293,-102369259,1.1043142317678205,0.9854140709214785,0.734324428946898,0.8158100975140027,1.1245,4.267,2.885,3.781,5.184,5.012,4.7482,4.901,4.9664,5.0,False,2
2014-06-30,11682,20872349108,20749855426,331761678,76383658,255378020,2292434,334054112,456547794,384954233,71593561,71086987,313867246,755,7412,1190,379,-122493682,1.0983114493429735,0.9931375369508998,0.7697634685824081,0.8431849590757194,1.1234,4.235,2.913,3.867,5.394,5.004,4.7499,4.9007,4.9658,5.0,True,0
2014-07-01,11718,20749855426,20760119638,382080337,84648368,297431969,2348416,384428753,374164541,297812209,76352332,57115920,240696289,729,7428,1217,364,10264212,1.1317746325390712,0.9938911541301907,0.7784540061269889,0.7959391560837402,1.1619,4.221,3.017,4.421,4.711,5.001,4.7499,4.9004,4.9654,5.0,True,0
2014-07-02,11716,20760119638,20815724506,382237475,124686586,257550889,2318344,384555819,328950951,274360447,54590504,56038073,218322374,741,7480,1106,337,55604868,1.116729595216989,0.9939713719427556,0.6737981120244686,0.8340466752442981,1.1374,4.221,3.02,3.927,4.089,4.891,4.75,4.9001,4.9672,5.0,True,0
2014-07-03,11734,20815724506,20824609369,295575412,117330905,178244507,2319231,297894643,289009780,217009191,72000589,34501699,182507492,615,7481,1030,298,8884863,1.1141726051050955,0.9922145931304982,0.6030424039466449,0.7508714445580353,1.1345,4.23,2.96,3.393,3.5,4.132,4.75,4.9001,4.9654,5.0,True,0
2014-07-04,11718,20824609369,20771764657,209348291,47444497,161903794,2301547,211649838,264494550,206335305,58159245,40925658,165409647,577,7492,1056,324,-52844712,1.10520536506492,0.9891256850383225,0.7733705072376253,0.7801117452136538,1.1211,4.22,2.94,3.42,3.5,4.063,4.75,4.9,4.9652,5.0,True,0
2014-07-05,11736,20771764657,20668613315,167078182,63429360,103648822,2305614,169383796,272535138,225649126,46886012,43470834,182178292,530,7492,1003,295,-103151342,1.1099750252673009,0.9863882257072571,0.6203612031162752,0.8279634239310455,1.121,4.218,2.94,3.42,3.5,4.063,4.75,4.9,4.9652,5.0,False,1
2014-07-06,11734,20668613315,20672651582,197287738,58678071,138609667,2281287,199569025,195530758,152792636,42738122,28637443,124155193,522,7449,924,286,4038267,1.103744583747369,0.9885689324783743,0.7025761884907413,0.7814250686840789,1.1209,4.216,2.94,3.42,3.5,4.063,4.75,4.9,4.9652,5.0,False,2
2014-07-07,11770,20672651582,20627221860,269914951,66462026,203452925,2267896,272182847,317612569,254145143,63467426,59847001,194298142,664,7412,1040,331,-45429722,1.09705133422492,0.9916677482618881,0.7537667855975863,0.800173443387878,1.1216,4.215,2.952,3.421,3.446,4.047,4.7495,4.9,4.9641,5.0,True,0
2014-07-08,11771,20627221860,20511008900,221992553,61280454,160712099,2247550,224240103,340453063,283435816,57017247,62162605,221273211,602,7400,1008,299,-116212960,1.0896038328643836,0.9899770381393377,0.7239526588984271,0.8325253810390891,1.1183,4.191,3.253,3.52,3.782,4.046,4.75,4.9,4.9607,5.0,True,0
2014-07-09,11772,20511008900,20519371574,275740766,100407528,175333238,2264789,278005555,269642881,225170746,44472135,49920081,175250665,625,7479,1028,305,8362674,1.1041821545891874,0.9918534397631011,0.6358625913152065,0.8350702424070302,1.1169,4.18,3.351,3.736,4.023,4.1,4.749,4.9,4.9628,5.0,True,0
2014-07-10,11782,20519371574,20476458255,280808940,76920429,203888511,2286981,283095921,326009240,254505361,71503879,49578125,204927236,680,7488,1073,316,-42913319,1.1145472909598377,0.9919215331965168,0.7260755693889233,0.7806691644690807,1.1305,4.178,3.3,3.711,4.069,4.1545,4.7438,4.9,4.9608,5.0,True,0
2014-07-11,11804,20476458255,20445078528,206409952,49110187,157299765,2261069,208671021,240050748,202905555,37145193,50829376,152076179,603,7490,1017,312,-31379727,1.1042285593739756,0.9891644321805471,0.7620745195464219,0.8452610820442018,1.12,4.177,3.285,3.723,4.153,4.163,4.7423,4.9,4.9616,5.0,True,0
2014-07-12,11823,20445078528,20473641383,175393033,75425505,99967528,2251310,177644343,149081488,108841163,40240325,27984837,80856326,489,7494,880,273,28562855,1.1011500870083624,0.9873268691702725,0.569962935756975,0.730078324681063,1.113,4.173,3.285,3.723,4.153,4.163,4.7423,4.9,4.9616,5.0,False,1
2014-07-13,11871,20473641383,20453941278,177520917,66176740,111344177,2238968,179759885,199459990,162198322,37261668,30133300,132065022,489,7451,921,269,-19700105,1.0935856295007178,0.9875446738297591,0.6272172253368881,0.8131872562512411,1.1125,4.169,3.285,3.723,4.153,4.163,4.7423,4.9,4.9616,5.0,False,2
2014-07-14,11902,20453941278,20423985523,252543988,88262667,164281321,2253536,254797524,284753279,232219723,52533556,23824522,208395201,659,7433,992,316,-29955755,1.1017612544061983,0.9911555812449732,0.650505768523779,0.8155120243584623,1.1284,4.172,3.255,3.7035,4.299,4.313,4.7461,4.9001,4.9618,5.0,True,0
2014-07-15,11901,20423985523,20497073353,332554408,116023440,216530968,2255604,334810012,261722182,202077541,59644641,27658319,174419222,772,7437,957,301,73087830,1.104389736988358,0.9932630330063128,0.6511144125324599,0.7721070467003824,1.1341,4.181,3.218,3.646,4.18,4.417,4.7485,4.9001,4.9618,5.0,True,0
2014-07-16,11916,20497073353,20657187545,392596651,170324655,222271996,2293489,394890140,234775948,175170489,59605459,31190665,143979824,742,7524,937,302,160114192,1.1189348647495176,0.9941920833981825,0.5661586654747088,0.7461176943048697,1.1377,4.192,3.2472,3.65,4.391,4.492,4.7487,4.9,4.9608,5.0,True,0
2014-07-17,11915,20657187545,20611919440,250755039,73862280,176892759,2256241,253011280,298279385,193562345,104717040,32255120,161307225,640,7509,955,290,-45268105,1.0922304864033223,0.9910824489722355,0.7054404956544064,0.6489296771213338,1.1133,4.183,3.2465,3.641,4.4,4.588,4.7448,4.9,4.9616,5.0,True,0
2014-07-18,11924,20611919440,20612207748,206677714,62723841,143953873,2281881,208959595,208671287,147995512,60675775,20805733,127189779,608,7540,921,272,288308,1.1070686583277272,0.9890797979389269,0.6965137663560571,0.7092279638836942,1.1215,4.184,3.245,3.651,4.988,4.73,4.7467,4.9,4.9616,5.0,True,0
2014-07-19,11940,20612207748,20667061488,208048192,108711944,99336248,2269831,210318023,155464283,123782740,31681543,15507755,108274985,469,7544,790,235,54853740,1.1012071233467173,0.9892076248738797,0.4774674898400463,0.7962133656127305,1.1131,4.184,3.245,3.651,4.988,4.73,4.7467,4.9,4.9616,5.0,False,1
2014-07-20,11961,20667061488,20669047956,174193562,58331429,115862133,2255742,176449304,174462836,135694745,38768091,29227103,106467642,468,7509,861,259,1986468,1.0914672128448257,0.9872159201036009,0.6651344152431994,0.7777859635389626,1.1129,4.184,3.245,3.651,4.988,4.73,4.7467,4.9,4.9616,5.0,False,2
2014-07-21,11987,20669047956,20612945071,375786236,188430013,187356223,2302358,378088594,434191479,379309363,54882116,39353239,339956124,598,7501,954,317,-56102885,1.1139158440684978,0.9939105330429513,0.49857127550568403,0.8735992789946023,1.1428,4.192,3.318,3.694,4.991,5.03,4.7467,4.9,4.9607,5.0,True,0
2014-07-22,12020,20612945071,20486985781,240854173,90700778,150153395,2229960,243084133,369043423,270410510,98632913,31942129,238468381,623,7495,998,285,-125959290,1.0818250338896467,0.9908263860233115,0.6234203590070245,0.7327335840368032,1.1166,4.182,3.253,3.848,5.159,5.115,4.7465,4.9,4.9605,5.0,True,0
2014-07-23,12017,20486985781,20444094598,263182434,114917590,148264844,2279460,265461894,308353077,251692511,56660566,45278350,206414161,604,7569,978,277,-42891183,1.1126380544052568,0.9914132308571565,0.5633538749018485,0.8162477684631634,1.1266,4.176,3.295,4.202,5.15,5.271,4.7525,4.9,4.9604,5.0,True,0
2014-07-24,12030,20444094598,20373516647,274781793,106071922,168709871,2262687,277044480,347622431,276980850,70641581,42338290,234642560,552,7583,966,313,-70577951,1.1067680151613823,0.9918327663485661,0.6139776189610933,0.7967864708937612,1.1215,4.181,3.313,4.101,5.273,5.278,4.7465,4.9,4.9604,5.0,True,0
2014-07-25,12009,20373516647,20292282944,179379699,63336575,116043124,2261389,181641088,262874791,192181537,70693254,35509270,156672267,559,7603,949,308,-81233703,1.1099649801169644,0.9875502342289427,0.646913361137929,0.7310763282737142,1.1244,4.182,3.348,4.081,4.821,4.95,4.7465,4.9,4.9603,5.0,True,0
2014-07-26,12028,20292282944,20137897656,126012255,54186270,71825985,2255798,128268053,282653341,230927532,51725809,29639068,201288464,434,7602,840,262,-154385288,1.111653137414483,0.9824134073353401,0.5699920614864007,0.8169991240259212,1.1221,4.187,3.348,4.081,4.821,4.95,4.7465,4.9,4.9603,5.0,False,1
2014-07-27,12040,20137897656,20122693255,149177264,80780644,68396620,2228987,151406251,166610652,116021764,50588888,35246941,80774823,414,7580,893,246,-15204401,1.1068618174925937,0.9852781045347989,0.45849225388662446,0.6963646237936816,1.122,4.192,3.348,4.081,4.821,4.95,4.7465,4.9,4.9603,5.0,False,2
2014-07-28,12083,20122693255,20148469102,369535407,214062345,155473062,2227349,371762756,345986909,294330527,51656382,30372288,263958239,588,7544,1035,312,25775847,1.1068841391032773,0.9940086817088262,0.42072575199810286,0.8506984494028934,1.1276,4.184,3.304,4.013,4.628,4.398,4.7465,4.9,4.9602,5.0,True,0
2014-07-29,12073,20148469102,20073082045,225904582,85325202,140579380,2188464,228093046,303480103,262413446,41066657,23956498,238456948,568,7543,978,325,-75387057,1.0861688741318645,0.9904053892112081,0.6222953901838078,0.8646808914520502,1.1156,4.183,3.2503,3.907,4.6,4.141,4.739,4.9,4.9601,5.0,True,0
2014-07-30,12089,20073082045,20032881601,207702516,64808558,142893958,2214756,209917272,250117716,196249605,53868111,25897612,170351993,569,7609,986,250,-40200444,1.1033462599489914,0.9894493865183233,0.6879741312329601,0.7846289664663338,1.1162,4.178,3.2502,3.914,4.525,4.144,4.7316,4.9,4.959,5.0,True,0
2014-07-31,12101,20032881601,19947416138,189518581,56346135,133172446,2210335,191728916,277194379,224072318,53122061,33843617,190228701,566,7618,979,287,-85465463,1.1033534985249773,0.9884715615875073,0.7026880704641831,0.8083580872323533,1.1156,4.174,3.204,3.98,3.979,4.2,4.7215,4.9,4.9588,5.0,True,0
2014-08-01,12111,19947416138,20069760015,372678958,135715324,236963634,2205777,374884735,252540858,168313257,84227601,31013339,137299918,615,7599,1050,281,122343877,1.1057958508209873,0.994116119452023,0.6358385117090511,0.6664793108448218,1.1173,4.171,3.196,3.907,4.047,4.21,4.7149,4.9,4.9558,5.0,True,0
2014-08-02,12103,20069760015,20086601920,186889349,78478704,108410645,2202781,189092130,172250225,130319248,41930977,34359098,95960150,468,7599,874,251,16841905,1.0975622022155007,0.9883507526199001,0.5800793120639529,0.7565693919993428,1.118,4.168,3.196,3.907,4.047,4.21,4.7149,4.9,4.9558,5.0,False,1
2014-08-03,12136,20086601920,20133302100,171634865,62120575,109514290,2190532,173825397,127125217,86296646,40828571,23794226,62502420,486,7562,891,256,46700180,1.0905438404785193,0.9873980900500978,0.6380655235752946,0.6788318481297066,1.1178,4.166,3.196,3.907,4.047,4.21,4.7149,4.9,4.9558,5.0,False,2
2014-08-04,12157,20133302100,20141035460,328404472,120904646,207499826,2236412,330640884,322907524,244430008,78477516,43969481,200460527,611,7542,1051,318,7733360,1.1108023854666145,0.9932361298671099,0.63184226675208,0.7569659727098833,1.1451,4.176,3.182,3.842,4.086,4.105,4.7081,4.9,4.9551,5.0,True,0
2014-08-05,12174,20141035460,20314109791,392589715,164705556,227884159,2191155,394780870,221706539,147666457,74040082,35974791,111691666,693,7530,1008,282,173074331,1.087905835006161,0.9944496930664346,0.5804639049191597,0.6660446627602625,1.1203,4.178,3.145,3.738,3.998,4.056,4.7049,4.899,4.9543,5.0,True,0
2014-08-06,12189,20314109791,20320584213,286598298,127641624,158956674,2222718,288821016,282346594,226219048,56127546,26815416,199403632,630,7624,985,273,6474422,1.0941744545383707,0.9923041680595709,0.5546323028059295,0.8012104725442518,1.1162,4.178,3.051,3.559,3.9799,4.104,4.6982,4.8949,4.9505,5.0,True,0
2014-08-07,12204,20320584213,20314571173,245405658,61837508,183568150,2240816,247646474,253659514,193608740,60050774,41675089,151933651,529,7634,881,249,-6013040,1.1027320752749068,0.990951552978703,0.748019224560829,0.7632622839449262,1.1186,4.18,3.04,3.511,3.977,4.161,4.6941,4.8901,4.9491,5.0,True,0
2014-08-08,12195,20314571173,20236826133,231616935,54035416,177581519,2286782,233903717,311648757,244045482,67603275,43071065,200974417,591,7650,910,290,-77745040,1.1256855882044663,0.9902234046156693,0.7667035184624993,0.783078631050019,1.1397,4.192,3.001,3.457,3.693,4.101,4.6921,4.8912,4.9465,5.0,True,0
2014-08-09,12225,20236826133,20233477189,158028887,44663092,113365795,2233877,160262764,163611708,112963324,50648384,30028086,82935238,469,7632,787,239,-3348944,1.10386726916492,0.9860611601582012,0.7173738748156848,0.690435454655849,1.1173,4.191,3.001,3.457,3.693,4.101,4.6921,4.8912,4.9465,5.0,False,1
2014-08-10,12227,20233477189,20303102834,257313208,76427498,180885710,2221662,259534870,189909225,134447037,55462188,24599903,109847134,492,7601,845,256,69625645,1.0980129511341798,0.9914398323431453,0.7029787215586695,0.7079542186536752,1.1172,4.191,3.001,3.457,3.693,4.101,4.6921,4.8912,4.9465,5.0,False,2
2014-08-11,12266,20303102834,20216049969,329331370,102021228,227310142,2219101,331550471,418603336,357752648,60850688,40952695,316799953,723,7576,989,335,-87052865,1.0929861401695937,0.9933068983635979,0.6902170965371444,0.8546340108479212,1.1235,4.179,2.955,3.42,3.616,4.166,4.6916,4.8914,4.9467,5.0,True,0
2014-08-12,12307,20216049969,20164788784,256311879,101592768,154719111,2181794,258493673,309754858,261642435,48112423,46559208,215083227,630,7587,942,281,-51261185,1.07923852747972,0.9915595845164071,0.603636131121336,0.8446758081192063,1.1146,4.176,2.916,3.39,3.586,4.154,4.6905,4.8904,4.9457,5.0,True,0
2014-08-13,12314,20164788784,20122319886,259291103,99082207,160208896,2215516,261506619,303975517,248698342,55277175,22934891,225763451,583,7665,910,265,-42468898,1.0987052846087475,0.9915278779234264,0.6178727081121638,0.8181525421996404,1.1138,4.175,2.892,3.36,3.579,4.22,4.6882,4.8871,4.9442,5.0,True,0
2014-08-14,12301,20122319886,20168083115,255446130,113303891,142142239,2256530,257702660,211939431,172981654,38957777,45402310,127579344,561,7695,933,302,45763229,1.1214064843338312,0.9912436681872046,0.5564470246623036,0.8161843843017583,1.1367,4.185,2.888,3.353,3.598,4.233,4.6834,4.8851,4.9391,5.0,True,0
2014-08-15,12316,20168083115,20176118728,242336052,83330178,159005874,2215568,244551620,236516007,188736307,47779700,38085265,150651042,632,7681,948,264,8035613,1.0985516012437357,0.9909402849181699,0.6561379237126468,0.7979853431230978,1.1129,4.17,2.889,3.346,3.509,4.174,4.6811,4.8844,4.9387,5.0,True,0
2014-08-16,12346,20176118728,20171964125,212842047,55705873,157136174,2217689,215059736,219214339,178049842,41164497,38363021,139686821,563,7688,831,251,-4154603,1.0991653200981302,0.9896880325380851,0.7382759948742647,0.8122180456452714,1.1128,4.168,2.889,3.346,3.509,4.174,4.6811,4.8844,4.9387,5.0,False,1
2014-08-17,12370,20171964125,20182378312,147777403,42442478,105334925,2200868,149978271,139564084,99478325,40085759,28147769,71330556,482,7664,880,259,10414187,1.091052902117929,0.9853254209071393,0.7127945332751584,0.7127788335572066,1.1126,4.165,2.889,3.346,3.509,4.174,4.6811,4.8844,4.9387,5.0,False,2
2014-08-18,12401,20182378312,20221708442,296308680,84557465,211751215,2190466,298499146,259169016,203584337,55584679,52598310,150986027,613,7627,1017,294,39330130,1.0853359134079836,0.9926617344493173,0.7146304826439779,0.7855272985255305,1.1122,4.159,2.858,3.276,3.51,4.31,4.6805,4.881,4.9382,5.0,True,0
2014-08-19,12411,20221708442,20233180538,264196458,108645683,155550775,2205515,266401973,254929877,180281083,74648794,33028860,147252223,633,7647,985,278,11472096,1.0906669959790334,0.9917211011046078,0.5887693430015629,0.7071791079238625,1.122,4.163,2.835,3.237,3.477,4.363,4.6791,4.8801,4.9382,5.0,True,0
2014-08-20,12436,20233180538,20339106448,306133606,134420983,171712623,2245086,308378692,202452782,128677278,73775504,28451096,100226182,630,7771,957,268,105925910,1.1096060729471064,0.9927197109974122,0.5609074588171806,0.6355915524045503,1.124,4.169,2.833,3.246,3.462,4.286,4.6804,4.88,4.939,5.0,True,0
2014-08-21,12436,20339106448,20370906609,249525712,85818188,163707524,2237805,251763517,219963356,149470249,70493107,18207816,131262433,587,7792,991,269,31800161,1.1002474497693824,0.9911114802229268,0.6560747695612226,0.679523406616873,1.1168,4.158,2.848,3.312,3.98,4.238,4.6786,4.88,4.94,5.0,True,0
2014-08-22,12446,20370906609,20437873459,244094164,97266695,146827469,2221892,246316056,179349206,105026458,74322748,13620285,91406173,569,7780,977,243,66966850,1.0907182692685624,0.9909795080512331,0.6015197847991155,0.5855975632253426,1.104,4.153,2.843,3.369,3.942,4.2039,4.6764,4.88,4.9398,5.0,True,0
2014-08-23,12459,20437873459,20379907955,139192764,42797254,96395510,2219263,141412027,199377531,135466389,63911142,28401389,107065000,451,7784,832,226,-57965504,1.085858078362222,0.9843064055647827,0.6925324796337833,0.6794466172820648,1.0997,4.146,2.843,3.369,3.942,4.2039,4.6764,4.88,4.9398,5.0,False,1
2014-08-24,12471,20379907955,20319023288,127991522,43143686,84847836,2203962,130195484,191080151,139033164,52046987,15507226,123525938,447,7754,850,244,-60884667,1.0814386428370892,0.9830719013264699,0.6629176266846799,0.7276169883286308,1.0993,4.139,2.843,3.369,3.942,4.2039,4.6764,4.88,4.9398,5.0,False,2
2014-08-25,12508,20319023288,20316184100,307361141,92282025,215079116,2213082,309574223,312413411,215756660,96656751,27159616,188597044,639,7744,1057,269,-2839188,1.0891675099890263,0.9928512071239213,0.6997602732090327,0.6906126702736203,1.1122,4.139,2.841,3.363,3.886,4.199,4.6758,4.88,4.9394,5.0,True,0
2014-08-26,12517,20316184100,20337650626,304747497,124460527,180286970,2197592,306945089,285478563,197286155,88192408,14814754,182471401,640,7741,1001,273,21466526,1.0816952579200145,0.9928404392878233,0.5915945882239683,0.6910716970366703,1.1085,4.131,2.823,3.318,3.876,4.2,4.6695,4.873,4.9363,5.0,True,0
2014-08-27,12527,20337650626,20171681280,299973007,102372488,197600519,2221794,302194801,468164147,360755976,107408171,20966937,339789039,626,7803,1086,302,-165969346,1.0924536176069524,0.9926478086563773,0.6587276667863652,0.7705758296779612,1.1079,4.123,2.861,3.349,3.9828,4.178,4.668,4.8729,4.9365,5.0,True,0
2014-08-28,12557,20171681280,20118870170,242887647,56734596,186153051,2195104,245082751,297893861,198997562,98896299,15732174,183265388,621,7806,1026,275,-52811110,1.0882107294528898,0.9910434170048956,0.7664162969967756,0.6680149813493471,1.1043,4.116,2.876,3.538,4.05,4.133,4.6689,4.8727,4.9373,5.0,True,0
2014-08-29,12596,20118870170,20112668503,265335172,87236719,178098453,2219541,267554713,273756380,169788578,103967802,27979322,141809256,599,7832,1036,279,-6201667,1.1032135409420956,0.9917043472151432,0.671220674053721,0.6202177936455764,1.1169,4.123,2.908,3.672,4.199,4.114,4.6659,4.8726,4.9364,5.0,True,0
2014-08-30,12603,20112668503,20116003141,197483663,84798329,112685334,2225109,199708772,196374134,125560237,70813897,32453185,93107052,527,7848,902,240,3334638,1.106322117161183,0.9888582310245241,0.5706058531028969,0.6393929508048143,1.1206,4.134,2.908,3.672,4.199,4.114,4.6659,4.8726,4.9364,5.0,False,1
2014-08-31,12614,20116003141,20098150321,272878511,148125324,124753187,2211702,275090213,292943033,186478121,106464912,24503950,161974171,495,7810,1031,285,-17852820,1.099473878830411,0.9919600847449996,0.4571748304504637,0.6365678647151851,1.1204,4.146,2.908,3.672,4.199,4.114,4.6659,4.8726,4.9364,5.0,False,2
